Time(Iteration),CUCB_Attack,Randomized CUCB_Attack
0,0.0,0.0
1,0.0,0.0
2,0.0,0.0
3,0.0,0.0
4,0.0,0.0
5,0.0,0.0
6,0.0,0.0
7,0.0,0.0
8,0.0,0.0
9,0.0,0.0
10,0.0,0.0
11,0.0,0.0
12,0.0,0.0
13,0.0,0.0
14,0.0,0.0
15,0.0,0.0
16,0.0,0.0
17,0.0,0.0
18,0.0,0.0
19,0.0,0.0
20,0.0,0.0
21,0.0,0.0
22,0.0,0.0
23,0.0,0.0
24,0.0,0.0
25,0.0,0.0
26,0.0,0.0
27,0.0,0.0
28,0.0,0.0
29,0.0,0.0
30,0.0,0.0
31,0.0,0.0
32,0.0,0.0
33,0.0,0.0
34,0.0,0.0
35,0.0,0.0
36,0.0,0.0
37,0.0,0.0
38,0.0,0.0
39,0.0,0.0
40,0.0,0.0
41,0.0,0.0
42,0.0,0.0
43,0.0,0.0
44,0.0,0.0
45,0.0,0.0
46,0.0,0.0
47,0.0,0.0
48,0.0,0.0
49,0.0,0.0
50,0.0,0.0
51,0.0,0.0
52,0.0,0.0
53,0.0,0.0
54,0.0,0.0
55,0.0,0.0
56,0.0,0.0
57,0.0,0.0
58,0.0,0.0
59,0.0,0.0
60,0.0,0.0
61,0.0,0.0
62,0.0,0.0
63,0.0,0.0
64,0.0,0.0
65,0.0,0.0
66,0.0,0.0
67,0.0,0.0
68,0.0,0.0
69,0.0,0.0
70,0.0,0.0
71,0.0,0.0
72,0.0,0.0
73,0.0,0.0
74,0.0,0.0
75,0.0,0.0
76,0.0,0.0
77,0.0,0.0
78,0.0,0.0
79,0.0,0.0
80,0.0,0.0
81,0.0,0.0
82,0.0,0.0
83,0.0,0.0
84,0.0,0.0
85,0.0,0.0
86,0.0,0.0
87,0.0,0.0
88,0.0,0.0
89,0.0,0.0
90,0.0,0.0
91,0.0,0.0
92,0.0,0.0
93,0.0,0.0
94,0.0,0.0
95,0.0,0.0
96,0.0,0.0
97,0.0,0.0
98,0.0,0.0
99,0.0,0.0
100,0.0,0.0
101,0.0,0.0
102,0.0,0.0
103,0.0,0.0
104,0.0,0.0
105,0.0,0.0
106,0.0,0.0
107,0.0,0.0
108,0.0,0.0
109,0.0,0.0
110,0.0,0.0
111,0.0,0.0
112,0.0,0.0
113,0.0,0.0
114,0.0,0.0
115,0.0,0.0
116,0.0,0.0
117,0.0,0.0
118,0.0,0.0
119,0.0,0.0
120,0.0,0.0
121,0.0,0.0
122,0.0,0.0
123,0.0,0.0
124,0.0,0.0
125,0.0,0.0
126,0.0,0.0
127,0.0,0.0
128,0.0,0.0
129,0.0,0.0
130,0.0,0.0
131,0.0,0.0
132,0.0,0.0
133,0.0,0.0
134,0.0,0.0
135,0.0,0.0
136,0.0,0.0
137,0.0,0.0
138,0.0,0.0
139,0.0,0.0
140,0.0,0.0
141,0.0,0.0
142,0.0,0.0
143,0.0,0.0
144,0.0,0.0
145,0.0,0.0
146,0.0,0.0
147,0.0,0.0
148,0.0,0.0
149,0.0,0.0
150,0.0,0.0
151,0.0,0.0
152,0.0,0.0
153,0.0,0.0
154,0.0,0.0
155,0.0,0.0
156,0.0,0.0
157,0.0,0.0
158,0.0,0.0
159,0.0,0.0
160,0.0,0.0
161,0.0,0.0
162,0.0,0.0
163,0.0,0.0
164,0.0,0.0
165,0.0,0.0
166,0.0,0.0
167,0.0,0.0
168,0.0,0.0
169,0.0,0.0
170,0.0,0.0
171,0.0,0.0
172,0.0,0.0
173,0.0,0.0
174,0.0,0.0
175,0.0,0.0
176,0.0,0.0
177,0.0,0.0
178,0.0,0.0
179,0.0,0.0
180,0.0,0.0
181,0.0,0.0
182,0.0,0.0
183,0.0,0.0
184,0.0,0.0
185,0.0,0.0
186,0.0,0.0
187,0.0,0.0
188,0.0,0.0
189,0.0,0.0
190,0.0,0.0
191,0.0,0.0
192,0.0,0.0
193,0.0,0.0
194,0.0,0.0
195,0.0,0.0
196,0.0,0.0
197,0.0,0.0
198,0.0,0.0
199,0.0,0.0
200,20.0,0.0
201,0.0,0.0
202,0.0,0.0
203,0.0,20.0
204,0.0,0.0
205,0.0,0.0
206,0.0,0.0
207,0.0,0.0
208,0.0,0.0
209,0.0,0.0
210,0.0,0.0
211,0.0,0.0
212,0.0,0.0
213,0.0,0.0
214,0.0,0.0
215,0.0,0.0
216,0.0,0.0
217,0.0,0.0
218,0.0,0.0
219,0.0,0.0
220,0.0,0.0
221,0.0,0.0
222,0.0,0.0
223,0.0,0.0
224,0.0,0.0
225,0.0,0.0
226,0.0,0.0
227,0.0,0.0
228,0.0,0.0
229,0.0,0.0
230,0.0,0.0
231,0.0,0.0
232,0.0,0.0
233,0.0,0.0
234,0.0,0.0
235,0.0,0.0
236,0.0,0.0
237,0.0,0.0
238,0.0,0.0
239,0.0,0.0
240,0.0,0.0
241,0.0,0.0
242,0.0,0.0
243,0.0,0.0
244,0.0,0.0
245,0.0,0.0
246,0.0,0.0
247,0.0,0.0
248,0.0,0.0
249,0.0,0.0
250,0.0,0.0
251,0.0,0.0
252,0.0,0.0
253,0.0,0.0
254,0.0,0.0
255,0.0,0.0
256,0.0,0.0
257,0.0,0.0
258,0.0,0.0
259,0.0,0.0
260,0.0,0.0
261,0.0,0.0
262,0.0,0.0
263,0.0,0.0
264,0.0,0.0
265,0.0,0.0
266,0.0,0.0
267,0.0,0.0
268,0.0,0.0
269,0.0,0.0
270,0.0,0.0
271,0.0,0.0
272,0.0,0.0
273,0.0,0.0
274,0.0,0.0
275,0.0,0.0
276,0.0,0.0
277,0.0,0.0
278,0.0,0.0
279,0.0,0.0
280,0.0,0.0
281,0.0,0.0
282,0.0,0.0
283,0.0,0.0
284,0.0,0.0
285,0.0,0.0
286,0.0,0.0
287,0.0,0.0
288,0.0,0.0
289,0.0,0.0
290,0.0,0.0
291,20.0,0.0
292,20.0,0.0
293,20.0,0.0
294,20.0,0.0
295,20.0,0.0
296,20.0,0.0
297,20.0,0.0
298,20.0,0.0
299,20.0,20.0
300,20.0,20.0
301,20.0,20.0
302,20.0,20.0
303,20.0,20.0
304,20.0,20.0
305,20.0,20.0
306,20.0,20.0
307,20.0,20.0
308,20.0,20.0
309,20.0,20.0
310,20.0,20.0
311,20.0,20.0
312,20.0,20.0
313,20.0,20.0
314,20.0,20.0
315,20.0,20.0
316,20.0,20.0
317,20.0,20.0
318,20.0,20.0
319,20.0,20.0
320,20.0,20.0
321,20.0,20.0
322,20.0,20.0
323,20.0,20.0
324,20.0,20.0
325,20.0,20.0
326,20.0,20.0
327,20.0,20.0
328,20.0,20.0
329,20.0,20.0
330,20.0,20.0
331,20.0,20.0
332,20.0,20.0
333,20.0,20.0
334,20.0,20.0
335,20.0,20.0
336,20.0,20.0
337,20.0,20.0
338,20.0,20.0
339,20.0,20.0
340,20.0,20.0
341,20.0,20.0
342,20.0,20.0
343,20.0,20.0
344,20.0,20.0
345,20.0,20.0
346,20.0,20.0
347,20.0,20.0
348,20.0,20.0
349,20.0,20.0
350,20.0,20.0
351,20.0,20.0
352,20.0,20.0
353,20.0,20.0
354,20.0,20.0
355,20.0,20.0
356,20.0,20.0
357,20.0,20.0
358,20.0,20.0
359,20.0,20.0
360,20.0,20.0
361,20.0,20.0
362,20.0,20.0
363,20.0,20.0
364,20.0,20.0
365,20.0,20.0
366,20.0,20.0
367,20.0,20.0
368,20.0,20.0
369,20.0,20.0
370,20.0,20.0
371,20.0,20.0
372,20.0,20.0
373,20.0,20.0
374,20.0,20.0
375,20.0,20.0
376,20.0,20.0
377,20.0,20.0
378,20.0,20.0
379,20.0,20.0
380,20.0,20.0
381,20.0,20.0
382,20.0,20.0
383,20.0,20.0
384,20.0,20.0
385,20.0,20.0
386,20.0,20.0
387,20.0,20.0
388,20.0,20.0
389,20.0,20.0
390,20.0,20.0
391,20.0,20.0
392,20.0,20.0
393,20.0,20.0
394,20.0,20.0
395,20.0,20.0
396,20.0,20.0
397,20.0,20.0
398,20.0,20.0
399,20.0,20.0
400,20.0,20.0
401,20.0,20.0
402,20.0,20.0
403,20.0,20.0
404,20.0,20.0
405,20.0,20.0
406,20.0,20.0
407,20.0,20.0
408,20.0,20.0
409,20.0,20.0
410,20.0,20.0
411,20.0,20.0
412,20.0,20.0
413,20.0,20.0
414,20.0,20.0
415,20.0,20.0
416,20.0,20.0
417,20.0,20.0
418,20.0,20.0
419,20.0,20.0
420,20.0,20.0
421,20.0,20.0
422,20.0,20.0
423,20.0,20.0
424,20.0,20.0
425,20.0,20.0
426,20.0,20.0
427,20.0,20.0
428,20.0,20.0
429,20.0,20.0
430,20.0,20.0
431,20.0,20.0
432,20.0,20.0
433,20.0,20.0
434,20.0,20.0
435,20.0,20.0
436,20.0,20.0
437,20.0,20.0
438,20.0,20.0
439,20.0,20.0
440,20.0,20.0
441,20.0,20.0
442,20.0,20.0
443,20.0,20.0
444,20.0,20.0
445,20.0,20.0
446,20.0,20.0
447,20.0,20.0
448,20.0,20.0
449,20.0,20.0
450,20.0,20.0
451,20.0,20.0
452,20.0,20.0
453,20.0,20.0
454,20.0,20.0
455,20.0,20.0
456,20.0,20.0
457,20.0,20.0
458,20.0,20.0
459,20.0,20.0
460,20.0,20.0
461,20.0,20.0
462,20.0,20.0
463,20.0,20.0
464,20.0,20.0
465,20.0,20.0
466,20.0,20.0
467,20.0,20.0
468,20.0,20.0
469,20.0,20.0
470,20.0,20.0
471,20.0,20.0
472,20.0,20.0
473,20.0,20.0
474,20.0,20.0
475,20.0,20.0
476,20.0,20.0
477,20.0,20.0
478,20.0,20.0
479,20.0,20.0
480,20.0,20.0
481,20.0,20.0
482,20.0,20.0
483,20.0,20.0
484,20.0,20.0
485,20.0,20.0
486,20.0,20.0
487,20.0,20.0
488,20.0,20.0
489,20.0,20.0
490,20.0,20.0
491,20.0,20.0
492,20.0,20.0
493,20.0,20.0
494,20.0,20.0
495,20.0,20.0
496,20.0,20.0
497,20.0,20.0
498,20.0,20.0
499,20.0,20.0
500,20.0,20.0
501,20.0,20.0
502,20.0,20.0
503,20.0,20.0
504,20.0,20.0
505,20.0,20.0
506,20.0,20.0
507,20.0,20.0
508,20.0,20.0
509,20.0,20.0
510,20.0,20.0
511,20.0,20.0
512,20.0,20.0
513,20.0,20.0
514,20.0,20.0
515,20.0,20.0
516,20.0,20.0
517,20.0,20.0
518,20.0,20.0
519,20.0,20.0
520,20.0,20.0
521,20.0,20.0
522,20.0,20.0
523,20.0,20.0
524,20.0,20.0
525,20.0,20.0
526,20.0,20.0
527,20.0,20.0
528,20.0,20.0
529,20.0,20.0
530,20.0,20.0
531,20.0,20.0
532,20.0,20.0
533,20.0,20.0
534,20.0,20.0
535,20.0,20.0
536,20.0,20.0
537,20.0,20.0
538,20.0,20.0
539,20.0,20.0
540,20.0,20.0
541,20.0,20.0
542,20.0,20.0
543,20.0,20.0
544,20.0,20.0
545,20.0,20.0
546,20.0,20.0
547,20.0,20.0
548,20.0,20.0
549,20.0,20.0
550,20.0,20.0
551,20.0,20.0
552,20.0,20.0
553,20.0,20.0
554,20.0,20.0
555,20.0,20.0
556,20.0,20.0
557,20.0,20.0
558,20.0,20.0
559,20.0,20.0
560,20.0,20.0
561,20.0,20.0
562,20.0,20.0
563,20.0,20.0
564,20.0,20.0
565,20.0,20.0
566,20.0,20.0
567,20.0,20.0
568,20.0,20.0
569,20.0,20.0
570,20.0,20.0
571,20.0,20.0
572,20.0,20.0
573,20.0,20.0
574,20.0,20.0
575,20.0,20.0
576,20.0,20.0
577,20.0,20.0
578,20.0,20.0
579,20.0,20.0
580,20.0,20.0
581,20.0,20.0
582,20.0,20.0
583,20.0,20.0
584,20.0,20.0
585,20.0,20.0
586,20.0,20.0
587,20.0,20.0
588,20.0,20.0
589,20.0,20.0
590,20.0,20.0
591,20.0,20.0
592,20.0,20.0
593,20.0,20.0
594,20.0,20.0
595,20.0,20.0
596,20.0,20.0
597,20.0,20.0
598,20.0,20.0
599,20.0,20.0
600,20.0,20.0
601,20.0,20.0
602,20.0,20.0
603,20.0,20.0
604,20.0,20.0
605,20.0,20.0
606,20.0,20.0
607,20.0,20.0
608,20.0,20.0
609,20.0,20.0
610,20.0,20.0
611,20.0,20.0
612,20.0,20.0
613,20.0,20.0
614,20.0,20.0
615,20.0,20.0
616,20.0,20.0
617,20.0,20.0
618,20.0,20.0
619,20.0,20.0
620,20.0,20.0
621,20.0,20.0
622,20.0,20.0
623,20.0,20.0
624,20.0,20.0
625,20.0,20.0
626,20.0,20.0
627,20.0,20.0
628,20.0,20.0
629,20.0,20.0
630,20.0,20.0
631,20.0,20.0
632,20.0,20.0
633,20.0,20.0
634,20.0,20.0
635,20.0,20.0
636,20.0,20.0
637,20.0,20.0
638,20.0,20.0
639,20.0,20.0
640,20.0,20.0
641,20.0,20.0
642,20.0,20.0
643,20.0,20.0
644,20.0,20.0
645,20.0,20.0
646,20.0,20.0
647,20.0,20.0
648,20.0,20.0
649,20.0,20.0
650,20.0,20.0
651,20.0,20.0
652,20.0,20.0
653,20.0,20.0
654,20.0,20.0
655,20.0,20.0
656,20.0,20.0
657,20.0,20.0
658,20.0,20.0
659,20.0,20.0
660,20.0,20.0
661,20.0,20.0
662,20.0,20.0
663,20.0,20.0
664,20.0,20.0
665,20.0,20.0
666,20.0,20.0
667,20.0,20.0
668,20.0,20.0
669,20.0,20.0
670,20.0,20.0
671,20.0,20.0
672,20.0,20.0
673,20.0,20.0
674,20.0,20.0
675,20.0,20.0
676,20.0,20.0
677,20.0,20.0
678,20.0,20.0
679,20.0,20.0
680,20.0,20.0
681,20.0,20.0
682,20.0,20.0
683,20.0,20.0
684,20.0,20.0
685,20.0,20.0
686,20.0,20.0
687,20.0,20.0
688,20.0,20.0
689,20.0,20.0
690,20.0,20.0
691,20.0,20.0
692,20.0,20.0
693,20.0,20.0
694,20.0,20.0
695,20.0,20.0
696,20.0,20.0
697,20.0,20.0
698,20.0,20.0
699,20.0,20.0
700,20.0,20.0
701,20.0,20.0
702,20.0,20.0
703,20.0,20.0
704,20.0,20.0
705,20.0,20.0
706,20.0,20.0
707,20.0,20.0
708,20.0,20.0
709,20.0,20.0
710,20.0,20.0
711,20.0,20.0
712,20.0,20.0
713,20.0,20.0
714,20.0,20.0
715,20.0,20.0
716,20.0,20.0
717,20.0,20.0
718,20.0,20.0
719,20.0,20.0
720,20.0,20.0
721,20.0,20.0
722,20.0,20.0
723,20.0,20.0
724,20.0,20.0
725,20.0,20.0
726,20.0,20.0
727,20.0,20.0
728,20.0,20.0
729,20.0,20.0
730,20.0,20.0
731,20.0,20.0
732,20.0,20.0
733,20.0,20.0
734,20.0,20.0
735,20.0,20.0
736,20.0,20.0
737,20.0,20.0
738,20.0,20.0
739,20.0,20.0
740,20.0,20.0
741,20.0,20.0
742,20.0,20.0
743,20.0,20.0
744,20.0,20.0
745,20.0,20.0
746,20.0,20.0
747,20.0,20.0
748,20.0,20.0
749,20.0,20.0
750,20.0,20.0
751,20.0,20.0
752,20.0,20.0
753,20.0,20.0
754,20.0,20.0
755,20.0,20.0
756,20.0,20.0
757,20.0,20.0
758,20.0,20.0
759,20.0,20.0
760,20.0,20.0
761,20.0,20.0
762,20.0,20.0
763,20.0,20.0
764,20.0,20.0
765,20.0,20.0
766,20.0,20.0
767,20.0,20.0
768,20.0,20.0
769,20.0,20.0
770,20.0,20.0
771,20.0,20.0
772,20.0,20.0
773,20.0,20.0
774,20.0,20.0
775,20.0,20.0
776,20.0,20.0
777,20.0,20.0
778,20.0,20.0
779,20.0,20.0
780,20.0,20.0
781,20.0,20.0
782,20.0,20.0
783,20.0,20.0
784,20.0,20.0
785,20.0,20.0
786,20.0,20.0
787,20.0,20.0
788,20.0,20.0
789,20.0,20.0
790,20.0,20.0
791,20.0,20.0
792,20.0,20.0
793,20.0,20.0
794,20.0,20.0
795,20.0,20.0
796,20.0,20.0
797,20.0,20.0
798,20.0,20.0
799,20.0,20.0
800,20.0,20.0
801,20.0,20.0
802,20.0,20.0
803,20.0,20.0
804,20.0,20.0
805,20.0,20.0
806,20.0,20.0
807,20.0,20.0
808,20.0,20.0
809,20.0,20.0
810,20.0,20.0
811,20.0,20.0
812,20.0,20.0
813,20.0,20.0
814,20.0,20.0
815,20.0,20.0
816,20.0,20.0
817,20.0,20.0
818,20.0,20.0
819,20.0,20.0
820,20.0,20.0
821,20.0,20.0
822,20.0,20.0
823,20.0,20.0
824,20.0,20.0
825,20.0,20.0
826,20.0,20.0
827,20.0,20.0
828,20.0,20.0
829,20.0,20.0
830,20.0,20.0
831,20.0,20.0
832,20.0,20.0
833,20.0,20.0
834,20.0,20.0
835,20.0,20.0
836,20.0,20.0
837,20.0,20.0
838,20.0,20.0
839,20.0,20.0
840,20.0,20.0
841,20.0,20.0
842,20.0,20.0
843,20.0,20.0
844,20.0,20.0
845,20.0,20.0
846,20.0,20.0
847,20.0,20.0
848,20.0,20.0
849,20.0,20.0
850,20.0,20.0
851,20.0,20.0
852,20.0,20.0
853,20.0,20.0
854,20.0,20.0
855,20.0,20.0
856,20.0,20.0
857,20.0,20.0
858,20.0,20.0
859,20.0,20.0
860,20.0,20.0
861,20.0,20.0
862,20.0,20.0
863,20.0,20.0
864,20.0,20.0
865,20.0,20.0
866,20.0,20.0
867,20.0,20.0
868,20.0,20.0
869,20.0,20.0
870,20.0,20.0
871,20.0,20.0
872,20.0,20.0
873,20.0,20.0
874,20.0,20.0
875,20.0,20.0
876,20.0,20.0
877,20.0,20.0
878,20.0,20.0
879,20.0,20.0
880,20.0,20.0
881,20.0,20.0
882,20.0,20.0
883,20.0,20.0
884,20.0,20.0
885,20.0,20.0
886,20.0,20.0
887,20.0,20.0
888,20.0,20.0
889,20.0,20.0
890,20.0,20.0
891,20.0,20.0
892,20.0,20.0
893,20.0,20.0
894,20.0,20.0
895,20.0,20.0
896,20.0,20.0
897,20.0,20.0
898,20.0,20.0
899,20.0,20.0
900,20.0,20.0
901,20.0,20.0
902,20.0,20.0
903,20.0,20.0
904,20.0,20.0
905,20.0,20.0
906,20.0,20.0
907,20.0,20.0
908,20.0,20.0
909,20.0,20.0
910,20.0,20.0
911,20.0,20.0
912,20.0,20.0
913,20.0,20.0
914,20.0,20.0
915,20.0,20.0
916,20.0,20.0
917,20.0,20.0
918,20.0,20.0
919,20.0,20.0
920,20.0,20.0
921,20.0,20.0
922,20.0,20.0
923,20.0,20.0
924,20.0,20.0
925,20.0,20.0
926,20.0,20.0
927,20.0,20.0
928,20.0,20.0
929,20.0,20.0
930,20.0,20.0
931,20.0,20.0
932,20.0,20.0
933,20.0,20.0
934,20.0,20.0
935,20.0,20.0
936,20.0,20.0
937,20.0,20.0
938,20.0,20.0
939,20.0,20.0
940,20.0,20.0
941,20.0,20.0
942,20.0,20.0
943,20.0,20.0
944,20.0,20.0
945,20.0,20.0
946,20.0,20.0
947,20.0,20.0
948,20.0,20.0
949,20.0,20.0
950,20.0,20.0
951,20.0,20.0
952,20.0,20.0
953,20.0,20.0
954,20.0,20.0
955,20.0,20.0
956,20.0,20.0
957,20.0,20.0
958,20.0,20.0
959,20.0,20.0
960,20.0,20.0
961,20.0,20.0
962,20.0,20.0
963,20.0,20.0
964,20.0,20.0
965,20.0,20.0
966,20.0,20.0
967,20.0,20.0
968,20.0,20.0
969,20.0,20.0
970,20.0,20.0
971,20.0,20.0
972,20.0,20.0
973,20.0,20.0
974,20.0,20.0
975,20.0,20.0
976,20.0,20.0
977,20.0,20.0
978,20.0,20.0
979,20.0,20.0
980,20.0,20.0
981,20.0,20.0
982,20.0,20.0
983,20.0,20.0
984,20.0,20.0
985,20.0,20.0
986,20.0,20.0
987,20.0,20.0
988,20.0,20.0
989,20.0,20.0
990,40.0,20.0
991,20.0,20.0
992,20.0,20.0
993,20.0,20.0
994,20.0,20.0
995,20.0,20.0
996,20.0,20.0
997,20.0,20.0
998,20.0,20.0
999,20.0,20.0
1000,20.0,20.0
1001,20.0,20.0
1002,20.0,20.0
1003,20.0,20.0
1004,20.0,20.0
1005,20.0,20.0
1006,20.0,20.0
1007,20.0,20.0
1008,20.0,20.0
1009,20.0,20.0
1010,20.0,20.0
1011,20.0,20.0
1012,20.0,20.0
1013,20.0,20.0
1014,20.0,20.0
1015,20.0,20.0
1016,20.0,20.0
1017,20.0,20.0
1018,20.0,20.0
1019,20.0,20.0
1020,20.0,20.0
1021,20.0,20.0
1022,20.0,20.0
1023,20.0,20.0
1024,20.0,20.0
1025,20.0,20.0
1026,20.0,20.0
1027,20.0,20.0
1028,20.0,20.0
1029,20.0,20.0
1030,20.0,20.0
1031,20.0,20.0
1032,20.0,20.0
1033,20.0,20.0
1034,20.0,20.0
1035,20.0,20.0
1036,20.0,20.0
1037,20.0,20.0
1038,20.0,20.0
1039,20.0,20.0
1040,20.0,20.0
1041,20.0,20.0
1042,20.0,20.0
1043,20.0,20.0
1044,20.0,20.0
1045,20.0,20.0
1046,20.0,20.0
1047,20.0,20.0
1048,20.0,20.0
1049,20.0,20.0
1050,20.0,20.0
1051,20.0,20.0
1052,20.0,20.0
1053,20.0,20.0
1054,20.0,20.0
1055,20.0,20.0
1056,20.0,20.0
1057,20.0,20.0
1058,20.0,20.0
1059,20.0,20.0
1060,20.0,20.0
1061,20.0,20.0
1062,20.0,20.0
1063,20.0,20.0
1064,20.0,20.0
1065,20.0,20.0
1066,20.0,20.0
1067,20.0,20.0
1068,20.0,20.0
1069,20.0,20.0
1070,20.0,20.0
1071,20.0,20.0
1072,20.0,20.0
1073,20.0,20.0
1074,20.0,20.0
1075,20.0,20.0
1076,20.0,20.0
1077,20.0,20.0
1078,20.0,20.0
1079,20.0,20.0
1080,20.0,20.0
1081,20.0,20.0
1082,20.0,20.0
1083,20.0,20.0
1084,20.0,20.0
1085,20.0,20.0
1086,20.0,20.0
1087,20.0,20.0
1088,20.0,20.0
1089,20.0,20.0
1090,20.0,20.0
1091,20.0,20.0
1092,20.0,20.0
1093,20.0,20.0
1094,20.0,20.0
1095,20.0,20.0
1096,20.0,20.0
1097,20.0,20.0
1098,20.0,20.0
1099,20.0,20.0
1100,20.0,20.0
1101,20.0,20.0
1102,20.0,20.0
1103,20.0,20.0
1104,20.0,20.0
1105,20.0,20.0
1106,20.0,20.0
1107,20.0,20.0
1108,20.0,20.0
1109,20.0,20.0
1110,20.0,20.0
1111,20.0,20.0
1112,20.0,20.0
1113,20.0,20.0
1114,20.0,20.0
1115,20.0,20.0
1116,20.0,20.0
1117,20.0,20.0
1118,20.0,20.0
1119,20.0,20.0
1120,20.0,20.0
1121,20.0,20.0
1122,20.0,20.0
1123,20.0,20.0
1124,20.0,20.0
1125,20.0,20.0
1126,20.0,20.0
1127,20.0,20.0
1128,20.0,20.0
1129,20.0,20.0
1130,20.0,20.0
1131,20.0,20.0
1132,20.0,20.0
1133,20.0,20.0
1134,20.0,20.0
1135,20.0,20.0
1136,20.0,20.0
1137,20.0,20.0
1138,20.0,20.0
1139,20.0,20.0
1140,20.0,20.0
1141,20.0,20.0
1142,20.0,20.0
1143,20.0,20.0
1144,20.0,20.0
1145,20.0,20.0
1146,20.0,20.0
1147,20.0,20.0
1148,20.0,20.0
1149,20.0,20.0
1150,20.0,20.0
1151,20.0,20.0
1152,20.0,20.0
1153,20.0,20.0
1154,20.0,20.0
1155,20.0,20.0
1156,20.0,20.0
1157,20.0,20.0
1158,20.0,20.0
1159,20.0,20.0
1160,20.0,20.0
1161,20.0,20.0
1162,20.0,20.0
1163,20.0,20.0
1164,20.0,20.0
1165,20.0,20.0
1166,20.0,20.0
1167,20.0,20.0
1168,20.0,20.0
1169,20.0,20.0
1170,20.0,20.0
1171,20.0,20.0
1172,20.0,20.0
1173,20.0,20.0
1174,20.0,20.0
1175,20.0,20.0
1176,20.0,20.0
1177,20.0,20.0
1178,20.0,20.0
1179,20.0,20.0
1180,20.0,20.0
1181,20.0,20.0
1182,20.0,20.0
1183,20.0,20.0
1184,20.0,20.0
1185,20.0,20.0
1186,20.0,20.0
1187,20.0,20.0
1188,20.0,20.0
1189,20.0,20.0
1190,20.0,20.0
1191,20.0,20.0
1192,20.0,20.0
1193,20.0,20.0
1194,20.0,20.0
1195,20.0,20.0
1196,20.0,20.0
1197,20.0,20.0
1198,20.0,20.0
1199,20.0,20.0
1200,20.0,20.0
1201,20.0,20.0
1202,20.0,20.0
1203,20.0,20.0
1204,20.0,20.0
1205,20.0,20.0
1206,20.0,20.0
1207,20.0,20.0
1208,20.0,20.0
1209,20.0,20.0
1210,20.0,20.0
1211,20.0,20.0
1212,20.0,20.0
1213,20.0,20.0
1214,20.0,20.0
1215,20.0,20.0
1216,20.0,20.0
1217,20.0,20.0
1218,20.0,20.0
1219,20.0,20.0
1220,20.0,20.0
1221,20.0,20.0
1222,20.0,20.0
1223,20.0,20.0
1224,20.0,20.0
1225,20.0,20.0
1226,20.0,20.0
1227,20.0,20.0
1228,20.0,20.0
1229,20.0,20.0
1230,20.0,20.0
1231,40.0,20.0
1232,20.0,20.0
1233,20.0,20.0
1234,20.0,20.0
1235,20.0,20.0
1236,20.0,20.0
1237,20.0,20.0
1238,20.0,20.0
1239,20.0,20.0
1240,20.0,20.0
1241,20.0,20.0
1242,20.0,20.0
1243,20.0,20.0
1244,20.0,20.0
1245,20.0,20.0
1246,20.0,20.0
1247,20.0,20.0
1248,20.0,20.0
1249,20.0,20.0
1250,20.0,40.0
1251,20.0,20.0
1252,20.0,20.0
1253,20.0,20.0
1254,20.0,20.0
1255,20.0,20.0
1256,20.0,20.0
1257,20.0,20.0
1258,20.0,20.0
1259,20.0,20.0
1260,20.0,20.0
1261,20.0,20.0
1262,20.0,20.0
1263,20.0,20.0
1264,20.0,20.0
1265,20.0,20.0
1266,20.0,20.0
1267,20.0,20.0
1268,20.0,20.0
1269,20.0,20.0
1270,20.0,20.0
1271,20.0,20.0
1272,20.0,20.0
1273,20.0,20.0
1274,20.0,20.0
1275,20.0,20.0
1276,20.0,20.0
1277,20.0,20.0
1278,20.0,20.0
1279,20.0,20.0
1280,20.0,20.0
1281,20.0,20.0
1282,20.0,20.0
1283,20.0,20.0
1284,20.0,20.0
1285,20.0,20.0
1286,20.0,20.0
1287,20.0,20.0
1288,20.0,20.0
1289,20.0,20.0
1290,20.0,20.0
1291,20.0,20.0
1292,20.0,20.0
1293,20.0,20.0
1294,20.0,20.0
1295,20.0,20.0
1296,20.0,20.0
1297,20.0,20.0
1298,20.0,20.0
1299,20.0,20.0
1300,20.0,20.0
1301,20.0,20.0
1302,20.0,20.0
1303,20.0,20.0
1304,20.0,20.0
1305,20.0,20.0
1306,20.0,20.0
1307,20.0,20.0
1308,20.0,20.0
1309,20.0,20.0
1310,20.0,20.0
1311,20.0,20.0
1312,20.0,20.0
1313,20.0,20.0
1314,20.0,20.0
1315,20.0,20.0
1316,20.0,20.0
1317,20.0,20.0
1318,20.0,20.0
1319,20.0,20.0
1320,20.0,20.0
1321,20.0,20.0
1322,20.0,20.0
1323,20.0,20.0
1324,20.0,20.0
1325,20.0,20.0
1326,20.0,20.0
1327,20.0,20.0
1328,20.0,20.0
1329,20.0,20.0
1330,20.0,20.0
1331,20.0,20.0
1332,20.0,20.0
1333,20.0,20.0
1334,20.0,40.0
1335,20.0,20.0
1336,20.0,20.0
1337,20.0,20.0
1338,20.0,20.0
1339,20.0,20.0
1340,20.0,20.0
1341,20.0,20.0
1342,20.0,20.0
1343,20.0,20.0
1344,20.0,20.0
1345,20.0,20.0
1346,20.0,20.0
1347,20.0,20.0
1348,20.0,20.0
1349,20.0,20.0
1350,20.0,20.0
1351,20.0,20.0
1352,20.0,20.0
1353,20.0,40.0
1354,20.0,20.0
1355,20.0,20.0
1356,20.0,20.0
1357,20.0,20.0
1358,20.0,20.0
1359,20.0,20.0
1360,20.0,20.0
1361,20.0,20.0
1362,20.0,20.0
1363,20.0,20.0
1364,20.0,20.0
1365,20.0,20.0
1366,20.0,20.0
1367,20.0,20.0
1368,20.0,20.0
1369,20.0,20.0
1370,20.0,20.0
1371,20.0,20.0
1372,20.0,20.0
1373,20.0,20.0
1374,20.0,20.0
1375,20.0,20.0
1376,20.0,20.0
1377,20.0,20.0
1378,20.0,20.0
1379,20.0,20.0
1380,20.0,20.0
1381,20.0,20.0
1382,20.0,20.0
1383,20.0,20.0
1384,20.0,20.0
1385,20.0,20.0
1386,20.0,20.0
1387,20.0,20.0
1388,20.0,20.0
1389,20.0,20.0
1390,20.0,20.0
1391,20.0,20.0
1392,20.0,20.0
1393,20.0,20.0
1394,20.0,20.0
1395,20.0,20.0
1396,20.0,20.0
1397,20.0,20.0
1398,20.0,20.0
1399,20.0,20.0
1400,20.0,20.0
1401,20.0,20.0
1402,20.0,20.0
1403,20.0,20.0
1404,20.0,20.0
1405,20.0,20.0
1406,20.0,20.0
1407,20.0,20.0
1408,20.0,20.0
1409,20.0,20.0
1410,20.0,20.0
1411,20.0,20.0
1412,20.0,20.0
1413,20.0,20.0
1414,20.0,20.0
1415,20.0,20.0
1416,20.0,20.0
1417,20.0,20.0
1418,20.0,20.0
1419,20.0,20.0
1420,20.0,20.0
1421,20.0,20.0
1422,20.0,20.0
1423,20.0,20.0
1424,20.0,20.0
1425,20.0,20.0
1426,20.0,20.0
1427,20.0,20.0
1428,20.0,20.0
1429,20.0,20.0
1430,20.0,20.0
1431,20.0,20.0
1432,20.0,20.0
1433,20.0,20.0
1434,20.0,20.0
1435,20.0,20.0
1436,20.0,20.0
1437,20.0,20.0
1438,20.0,20.0
1439,20.0,20.0
1440,20.0,20.0
1441,20.0,20.0
1442,20.0,20.0
1443,20.0,20.0
1444,20.0,20.0
1445,20.0,20.0
1446,20.0,20.0
1447,20.0,20.0
1448,20.0,20.0
1449,20.0,20.0
1450,20.0,20.0
1451,20.0,20.0
1452,20.0,20.0
1453,20.0,20.0
1454,20.0,20.0
1455,20.0,20.0
1456,20.0,20.0
1457,20.0,20.0
1458,20.0,20.0
1459,20.0,20.0
1460,20.0,20.0
1461,20.0,20.0
1462,20.0,20.0
1463,20.0,20.0
1464,20.0,20.0
1465,20.0,20.0
1466,20.0,20.0
1467,20.0,20.0
1468,20.0,20.0
1469,20.0,20.0
1470,20.0,20.0
1471,20.0,20.0
1472,20.0,20.0
1473,20.0,20.0
1474,20.0,20.0
1475,20.0,20.0
1476,20.0,20.0
1477,20.0,20.0
1478,20.0,20.0
1479,20.0,20.0
1480,20.0,20.0
1481,20.0,20.0
1482,20.0,20.0
1483,20.0,20.0
1484,20.0,20.0
1485,20.0,20.0
1486,20.0,20.0
1487,20.0,20.0
1488,20.0,20.0
1489,20.0,20.0
1490,20.0,20.0
1491,20.0,20.0
1492,20.0,20.0
1493,20.0,20.0
1494,20.0,20.0
1495,20.0,20.0
1496,20.0,20.0
1497,20.0,20.0
1498,20.0,20.0
1499,20.0,20.0
1500,20.0,20.0
1501,20.0,20.0
1502,20.0,20.0
1503,20.0,20.0
1504,20.0,20.0
1505,20.0,20.0
1506,20.0,20.0
1507,20.0,40.0
1508,20.0,20.0
1509,20.0,20.0
1510,20.0,20.0
1511,20.0,20.0
1512,20.0,20.0
1513,20.0,20.0
1514,20.0,20.0
1515,20.0,20.0
1516,20.0,20.0
1517,20.0,20.0
1518,20.0,20.0
1519,20.0,20.0
1520,20.0,20.0
1521,20.0,20.0
1522,20.0,20.0
1523,20.0,20.0
1524,20.0,20.0
1525,20.0,20.0
1526,20.0,20.0
1527,20.0,40.0
1528,20.0,20.0
1529,20.0,20.0
1530,20.0,20.0
1531,20.0,20.0
1532,20.0,20.0
1533,20.0,20.0
1534,20.0,20.0
1535,20.0,20.0
1536,20.0,20.0
1537,20.0,20.0
1538,20.0,20.0
1539,20.0,20.0
1540,20.0,20.0
1541,20.0,20.0
1542,20.0,20.0
1543,20.0,20.0
1544,20.0,20.0
1545,20.0,20.0
1546,20.0,20.0
1547,20.0,20.0
1548,20.0,20.0
1549,20.0,20.0
1550,20.0,20.0
1551,20.0,20.0
1552,20.0,20.0
1553,20.0,20.0
1554,20.0,20.0
1555,20.0,20.0
1556,20.0,20.0
1557,20.0,20.0
1558,20.0,20.0
1559,20.0,20.0
1560,20.0,20.0
1561,20.0,20.0
1562,20.0,20.0
1563,20.0,20.0
1564,20.0,20.0
1565,20.0,20.0
1566,20.0,20.0
1567,20.0,20.0
1568,20.0,20.0
1569,20.0,20.0
1570,20.0,20.0
1571,20.0,20.0
1572,20.0,20.0
1573,20.0,20.0
1574,20.0,20.0
1575,20.0,20.0
1576,20.0,20.0
1577,20.0,20.0
1578,20.0,20.0
1579,20.0,20.0
1580,20.0,20.0
1581,20.0,20.0
1582,20.0,20.0
1583,20.0,20.0
1584,20.0,20.0
1585,20.0,20.0
1586,20.0,20.0
1587,20.0,20.0
1588,20.0,20.0
1589,20.0,20.0
1590,20.0,20.0
1591,20.0,20.0
1592,20.0,20.0
1593,20.0,20.0
1594,20.0,20.0
1595,20.0,20.0
1596,20.0,20.0
1597,20.0,20.0
1598,20.0,20.0
1599,20.0,20.0
1600,20.0,20.0
1601,20.0,20.0
1602,20.0,20.0
1603,20.0,20.0
1604,20.0,20.0
1605,20.0,20.0
1606,20.0,20.0
1607,20.0,20.0
1608,20.0,20.0
1609,20.0,20.0
1610,20.0,20.0
1611,20.0,20.0
1612,20.0,20.0
1613,20.0,20.0
1614,20.0,20.0
1615,20.0,20.0
1616,20.0,20.0
1617,20.0,20.0
1618,20.0,20.0
1619,20.0,20.0
1620,20.0,20.0
1621,20.0,40.0
1622,20.0,20.0
1623,20.0,20.0
1624,20.0,20.0
1625,20.0,20.0
1626,20.0,20.0
1627,20.0,20.0
1628,20.0,20.0
1629,20.0,20.0
1630,20.0,20.0
1631,20.0,20.0
1632,20.0,20.0
1633,20.0,20.0
1634,20.0,20.0
1635,20.0,20.0
1636,20.0,20.0
1637,20.0,20.0
1638,20.0,20.0
1639,20.0,20.0
1640,20.0,20.0
1641,20.0,20.0
1642,20.0,20.0
1643,20.0,20.0
1644,20.0,20.0
1645,20.0,20.0
1646,20.0,20.0
1647,20.0,20.0
1648,20.0,20.0
1649,20.0,20.0
1650,20.0,20.0
1651,20.0,20.0
1652,20.0,20.0
1653,20.0,20.0
1654,20.0,20.0
1655,20.0,20.0
1656,20.0,20.0
1657,20.0,20.0
1658,20.0,20.0
1659,20.0,40.0
1660,20.0,20.0
1661,20.0,20.0
1662,20.0,20.0
1663,20.0,20.0
1664,20.0,20.0
1665,20.0,20.0
1666,20.0,20.0
1667,20.0,20.0
1668,20.0,20.0
1669,20.0,20.0
1670,20.0,20.0
1671,20.0,20.0
1672,20.0,20.0
1673,20.0,20.0
1674,20.0,20.0
1675,20.0,20.0
1676,20.0,20.0
1677,20.0,20.0
1678,20.0,20.0
1679,20.0,20.0
1680,20.0,20.0
1681,20.0,20.0
1682,20.0,40.0
1683,20.0,20.0
1684,20.0,20.0
1685,20.0,20.0
1686,20.0,20.0
1687,20.0,20.0
1688,20.0,40.0
1689,20.0,20.0
1690,20.0,20.0
1691,20.0,20.0
1692,20.0,20.0
1693,20.0,20.0
1694,20.0,20.0
1695,20.0,20.0
1696,20.0,20.0
1697,20.0,20.0
1698,20.0,20.0
1699,20.0,20.0
1700,20.0,20.0
1701,20.0,20.0
1702,20.0,20.0
1703,20.0,20.0
1704,20.0,20.0
1705,20.0,20.0
1706,20.0,20.0
1707,20.0,20.0
1708,20.0,20.0
1709,20.0,20.0
1710,20.0,20.0
1711,20.0,20.0
1712,20.0,20.0
1713,20.0,20.0
1714,20.0,20.0
1715,20.0,20.0
1716,20.0,20.0
1717,20.0,20.0
1718,20.0,20.0
1719,20.0,20.0
1720,20.0,20.0
1721,20.0,20.0
1722,20.0,20.0
1723,20.0,20.0
1724,20.0,20.0
1725,20.0,20.0
1726,20.0,20.0
1727,20.0,20.0
1728,20.0,20.0
1729,20.0,20.0
1730,20.0,40.0
1731,20.0,20.0
1732,20.0,20.0
1733,20.0,20.0
1734,20.0,20.0
1735,20.0,20.0
1736,20.0,20.0
1737,20.0,20.0
1738,20.0,20.0
1739,20.0,20.0
1740,20.0,20.0
1741,20.0,20.0
1742,20.0,20.0
1743,20.0,20.0
1744,20.0,20.0
1745,20.0,20.0
1746,20.0,20.0
1747,20.0,20.0
1748,20.0,20.0
1749,20.0,20.0
1750,20.0,20.0
1751,20.0,20.0
1752,20.0,20.0
1753,20.0,20.0
1754,20.0,20.0
1755,20.0,20.0
1756,20.0,20.0
1757,20.0,20.0
1758,20.0,20.0
1759,20.0,20.0
1760,20.0,20.0
1761,20.0,20.0
1762,20.0,20.0
1763,20.0,20.0
1764,20.0,20.0
1765,20.0,20.0
1766,20.0,20.0
1767,20.0,20.0
1768,20.0,20.0
1769,20.0,20.0
1770,20.0,20.0
1771,20.0,20.0
1772,20.0,20.0
1773,20.0,20.0
1774,20.0,20.0
1775,20.0,20.0
1776,20.0,20.0
1777,20.0,20.0
1778,20.0,20.0
1779,20.0,20.0
1780,20.0,20.0
1781,20.0,20.0
1782,20.0,20.0
1783,20.0,20.0
1784,20.0,20.0
1785,20.0,20.0
1786,20.0,20.0
1787,20.0,20.0
1788,20.0,20.0
1789,20.0,20.0
1790,20.0,20.0
1791,20.0,20.0
1792,20.0,20.0
1793,20.0,20.0
1794,20.0,20.0
1795,20.0,20.0
1796,20.0,20.0
1797,20.0,20.0
1798,20.0,20.0
1799,20.0,20.0
1800,20.0,20.0
1801,20.0,20.0
1802,20.0,20.0
1803,20.0,20.0
1804,20.0,20.0
1805,20.0,20.0
1806,20.0,20.0
1807,20.0,20.0
1808,20.0,20.0
1809,20.0,20.0
1810,20.0,20.0
1811,20.0,20.0
1812,20.0,20.0
1813,20.0,20.0
1814,20.0,20.0
1815,20.0,20.0
1816,20.0,20.0
1817,20.0,40.0
1818,20.0,20.0
1819,20.0,20.0
1820,20.0,20.0
1821,20.0,20.0
1822,20.0,20.0
1823,20.0,20.0
1824,20.0,20.0
1825,20.0,20.0
1826,20.0,20.0
1827,20.0,20.0
1828,20.0,20.0
1829,20.0,20.0
1830,20.0,20.0
1831,20.0,20.0
1832,20.0,20.0
1833,20.0,20.0
1834,20.0,20.0
1835,20.0,20.0
1836,20.0,20.0
1837,20.0,20.0
1838,20.0,20.0
1839,20.0,20.0
1840,20.0,20.0
1841,20.0,20.0
1842,20.0,20.0
1843,20.0,20.0
1844,20.0,20.0
1845,20.0,20.0
1846,20.0,20.0
1847,20.0,20.0
1848,20.0,20.0
1849,20.0,20.0
1850,20.0,20.0
1851,20.0,20.0
1852,20.0,20.0
1853,20.0,20.0
1854,20.0,40.0
1855,20.0,20.0
1856,20.0,20.0
1857,20.0,20.0
1858,20.0,20.0
1859,20.0,20.0
1860,20.0,20.0
1861,20.0,20.0
1862,20.0,20.0
1863,20.0,20.0
1864,20.0,20.0
1865,20.0,20.0
1866,20.0,20.0
1867,20.0,20.0
1868,20.0,20.0
1869,20.0,20.0
1870,20.0,20.0
1871,20.0,20.0
1872,20.0,20.0
1873,20.0,20.0
1874,20.0,20.0
1875,20.0,20.0
1876,20.0,20.0
1877,20.0,20.0
1878,20.0,20.0
1879,20.0,20.0
1880,20.0,20.0
1881,20.0,20.0
1882,20.0,20.0
1883,20.0,20.0
1884,20.0,20.0
1885,20.0,20.0
1886,20.0,20.0
1887,20.0,20.0
1888,20.0,20.0
1889,20.0,20.0
1890,20.0,20.0
1891,20.0,20.0
1892,20.0,20.0
1893,20.0,20.0
1894,20.0,20.0
1895,20.0,20.0
1896,20.0,20.0
1897,20.0,20.0
1898,20.0,20.0
1899,20.0,20.0
1900,20.0,20.0
1901,20.0,20.0
1902,20.0,20.0
1903,20.0,20.0
1904,20.0,20.0
1905,20.0,20.0
1906,20.0,20.0
1907,20.0,20.0
1908,20.0,20.0
1909,20.0,20.0
1910,20.0,20.0
1911,20.0,20.0
1912,20.0,20.0
1913,20.0,20.0
1914,20.0,20.0
1915,20.0,20.0
1916,20.0,20.0
1917,20.0,20.0
1918,20.0,20.0
1919,20.0,20.0
1920,20.0,20.0
1921,20.0,20.0
1922,20.0,20.0
1923,20.0,20.0
1924,20.0,20.0
1925,20.0,20.0
1926,20.0,40.0
1927,20.0,20.0
1928,20.0,20.0
1929,20.0,20.0
1930,20.0,20.0
1931,20.0,20.0
1932,20.0,20.0
1933,20.0,20.0
1934,20.0,20.0
1935,20.0,20.0
1936,20.0,20.0
1937,20.0,20.0
1938,20.0,20.0
1939,20.0,20.0
1940,20.0,20.0
1941,20.0,20.0
1942,20.0,20.0
1943,20.0,20.0
1944,20.0,20.0
1945,20.0,20.0
1946,20.0,20.0
1947,20.0,20.0
1948,20.0,20.0
1949,20.0,20.0
1950,20.0,40.0
1951,20.0,20.0
1952,20.0,20.0
1953,20.0,20.0
1954,20.0,20.0
1955,20.0,40.0
1956,20.0,20.0
1957,20.0,20.0
1958,20.0,20.0
1959,20.0,20.0
1960,20.0,20.0
1961,20.0,20.0
1962,20.0,20.0
1963,20.0,20.0
1964,40.0,20.0
1965,60.0,20.0
1966,40.0,20.0
1967,40.0,20.0
1968,20.0,20.0
1969,20.0,20.0
1970,40.0,20.0
1971,40.0,20.0
1972,20.0,20.0
1973,40.0,20.0
1974,20.0,20.0
1975,40.0,20.0
1976,20.0,20.0
1977,20.0,20.0
1978,20.0,20.0
1979,20.0,20.0
1980,20.0,20.0
1981,20.0,20.0
1982,40.0,20.0
1983,40.0,20.0
1984,20.0,20.0
1985,20.0,20.0
1986,20.0,20.0
1987,40.0,20.0
1988,40.0,20.0
1989,20.0,20.0
1990,20.0,20.0
1991,20.0,20.0
1992,20.0,20.0
1993,20.0,20.0
1994,20.0,20.0
1995,20.0,20.0
1996,40.0,20.0
1997,20.0,20.0
1998,40.0,20.0
1999,20.0,20.0
2000,20.0,20.0
2001,20.0,20.0
2002,40.0,20.0
2003,20.0,20.0
2004,20.0,20.0
2005,40.0,20.0
2006,40.0,20.0
2007,60.0,20.0
2008,20.0,20.0
2009,40.0,20.0
2010,20.0,20.0
2011,40.0,20.0
2012,40.0,20.0
2013,20.0,20.0
2014,20.0,20.0
2015,20.0,20.0
2016,20.0,20.0
2017,60.0,20.0
2018,20.0,20.0
2019,20.0,20.0
2020,20.0,20.0
2021,40.0,20.0
2022,40.0,20.0
2023,20.0,40.0
2024,20.0,20.0
2025,20.0,20.0
2026,20.0,20.0
2027,20.0,40.0
2028,20.0,40.0
2029,20.0,20.0
2030,20.0,20.0
2031,40.0,20.0
2032,40.0,20.0
2033,20.0,20.0
2034,20.0,40.0
2035,40.0,40.0
2036,20.0,20.0
2037,20.0,20.0
2038,40.0,40.0
2039,20.0,40.0
2040,20.0,40.0
2041,20.0,20.0
2042,60.0,20.0
2043,20.0,20.0
2044,40.0,20.0
2045,40.0,20.0
2046,20.0,60.0
2047,20.0,20.0
2048,20.0,40.0
2049,20.0,40.0
2050,40.0,20.0
2051,40.0,20.0
2052,20.0,20.0
2053,20.0,20.0
2054,20.0,40.0
2055,20.0,20.0
2056,20.0,20.0
2057,20.0,60.0
2058,20.0,40.0
2059,20.0,40.0
2060,40.0,60.0
2061,20.0,20.0
2062,40.0,20.0
2063,20.0,20.0
2064,20.0,20.0
2065,20.0,20.0
2066,40.0,20.0
2067,40.0,40.0
2068,40.0,40.0
2069,20.0,20.0
2070,40.0,40.0
2071,40.0,20.0
2072,20.0,20.0
2073,60.0,60.0
2074,20.0,40.0
2075,20.0,40.0
2076,60.0,20.0
2077,40.0,40.0
2078,40.0,20.0
2079,20.0,20.0
2080,40.0,20.0
2081,20.0,20.0
2082,40.0,20.0
2083,20.0,40.0
2084,40.0,20.0
2085,20.0,20.0
2086,40.0,20.0
2087,20.0,40.0
2088,20.0,60.0
2089,40.0,20.0
2090,40.0,40.0
2091,20.0,40.0
2092,40.0,20.0
2093,40.0,40.0
2094,20.0,20.0
2095,20.0,20.0
2096,20.0,40.0
2097,20.0,20.0
2098,20.0,60.0
2099,20.0,20.0
2100,20.0,20.0
2101,20.0,40.0
2102,20.0,40.0
2103,60.0,40.0
2104,40.0,40.0
2105,20.0,20.0
2106,20.0,40.0
2107,20.0,20.0
2108,20.0,20.0
2109,20.0,40.0
2110,20.0,40.0
2111,20.0,20.0
2112,40.0,20.0
2113,20.0,20.0
2114,20.0,40.0
2115,20.0,20.0
2116,60.0,40.0
2117,40.0,20.0
2118,20.0,20.0
2119,20.0,20.0
2120,20.0,20.0
2121,20.0,20.0
2122,20.0,20.0
2123,20.0,20.0
2124,20.0,40.0
2125,20.0,40.0
2126,20.0,60.0
2127,20.0,60.0
2128,20.0,40.0
2129,40.0,40.0
2130,20.0,20.0
2131,40.0,20.0
2132,20.0,20.0
2133,20.0,20.0
2134,20.0,20.0
2135,20.0,20.0
2136,20.0,40.0
2137,20.0,40.0
2138,20.0,40.0
2139,40.0,40.0
2140,20.0,60.0
2141,40.0,40.0
2142,40.0,20.0
2143,20.0,20.0
2144,20.0,20.0
2145,40.0,20.0
2146,20.0,40.0
2147,20.0,20.0
2148,20.0,60.0
2149,20.0,40.0
2150,40.0,20.0
2151,60.0,40.0
2152,20.0,20.0
2153,20.0,20.0
2154,40.0,40.0
2155,20.0,20.0
2156,20.0,40.0
2157,20.0,20.0
2158,40.0,40.0
2159,20.0,40.0
2160,20.0,60.0
2161,20.0,40.0
2162,40.0,40.0
2163,20.0,20.0
2164,20.0,20.0
2165,20.0,20.0
2166,20.0,40.0
2167,20.0,20.0
2168,20.0,20.0
2169,60.0,20.0
2170,40.0,20.0
2171,20.0,60.0
2172,20.0,20.0
2173,20.0,20.0
2174,20.0,40.0
2175,40.0,40.0
2176,20.0,20.0
2177,20.0,20.0
2178,20.0,20.0
2179,60.0,20.0
2180,20.0,20.0
2181,40.0,40.0
2182,40.0,20.0
2183,40.0,40.0
2184,40.0,20.0
2185,40.0,40.0
2186,20.0,40.0
2187,40.0,20.0
2188,20.0,20.0
2189,20.0,40.0
2190,20.0,20.0
2191,20.0,20.0
2192,20.0,40.0
2193,40.0,20.0
2194,20.0,20.0
2195,20.0,40.0
2196,20.0,40.0
2197,60.0,20.0
2198,40.0,20.0
2199,40.0,20.0
2200,20.0,20.0
2201,20.0,20.0
2202,40.0,60.0
2203,40.0,20.0
2204,60.0,20.0
2205,40.0,40.0
2206,20.0,40.0
2207,20.0,40.0
2208,40.0,40.0
2209,20.0,40.0
2210,20.0,40.0
2211,40.0,60.0
2212,40.0,60.0
2213,40.0,20.0
2214,40.0,20.0
2215,20.0,40.0
2216,40.0,20.0
2217,20.0,20.0
2218,20.0,20.0
2219,40.0,40.0
2220,20.0,20.0
2221,20.0,20.0
2222,40.0,20.0
2223,20.0,60.0
2224,20.0,60.0
2225,40.0,20.0
2226,40.0,20.0
2227,60.0,40.0
2228,20.0,20.0
2229,40.0,20.0
2230,40.0,40.0
2231,20.0,40.0
2232,40.0,40.0
2233,40.0,20.0
2234,60.0,20.0
2235,20.0,20.0
2236,40.0,20.0
2237,20.0,20.0
2238,60.0,20.0
2239,40.0,20.0
2240,20.0,40.0
2241,20.0,20.0
2242,20.0,20.0
2243,20.0,40.0
2244,20.0,20.0
2245,40.0,40.0
2246,40.0,20.0
2247,20.0,20.0
2248,20.0,80.0
2249,20.0,40.0
2250,20.0,20.0
2251,40.0,40.0
2252,20.0,20.0
2253,20.0,20.0
2254,20.0,40.0
2255,20.0,40.0
2256,40.0,60.0
2257,20.0,20.0
2258,40.0,40.0
2259,40.0,40.0
2260,60.0,20.0
2261,20.0,40.0
2262,20.0,20.0
2263,20.0,20.0
2264,60.0,20.0
2265,40.0,20.0
2266,20.0,20.0
2267,40.0,20.0
2268,40.0,20.0
2269,60.0,20.0
2270,40.0,40.0
2271,40.0,20.0
2272,40.0,20.0
2273,40.0,40.0
2274,20.0,20.0
2275,20.0,20.0
2276,60.0,20.0
2277,20.0,20.0
2278,40.0,20.0
2279,20.0,60.0
2280,40.0,20.0
2281,40.0,20.0
2282,20.0,20.0
2283,20.0,40.0
2284,20.0,40.0
2285,20.0,20.0
2286,20.0,40.0
2287,40.0,60.0
2288,20.0,40.0
2289,20.0,40.0
2290,40.0,20.0
2291,20.0,20.0
2292,20.0,20.0
2293,20.0,60.0
2294,60.0,40.0
2295,40.0,20.0
2296,20.0,20.0
2297,60.0,40.0
2298,20.0,40.0
2299,20.0,20.0
2300,20.0,20.0
2301,20.0,20.0
2302,40.0,40.0
2303,20.0,20.0
2304,20.0,40.0
2305,40.0,20.0
2306,20.0,40.0
2307,60.0,40.0
2308,40.0,20.0
2309,20.0,40.0
2310,20.0,20.0
2311,20.0,40.0
2312,40.0,20.0
2313,60.0,20.0
2314,40.0,40.0
2315,40.0,40.0
2316,20.0,20.0
2317,20.0,40.0
2318,40.0,40.0
2319,60.0,20.0
2320,60.0,40.0
2321,40.0,40.0
2322,20.0,20.0
2323,40.0,40.0
2324,40.0,20.0
2325,40.0,40.0
2326,20.0,20.0
2327,40.0,20.0
2328,40.0,20.0
2329,20.0,20.0
2330,20.0,20.0
2331,40.0,20.0
2332,40.0,40.0
2333,20.0,20.0
2334,20.0,40.0
2335,20.0,40.0
2336,20.0,20.0
2337,60.0,40.0
2338,20.0,40.0
2339,60.0,60.0
2340,20.0,20.0
2341,20.0,40.0
2342,20.0,40.0
2343,20.0,40.0
2344,40.0,40.0
2345,20.0,20.0
2346,20.0,20.0
2347,20.0,60.0
2348,20.0,20.0
2349,20.0,60.0
2350,40.0,40.0
2351,40.0,20.0
2352,40.0,40.0
2353,20.0,20.0
2354,20.0,20.0
2355,60.0,40.0
2356,40.0,20.0
2357,20.0,40.0
2358,20.0,40.0
2359,40.0,60.0
2360,40.0,20.0
2361,20.0,20.0
2362,40.0,20.0
2363,40.0,40.0
2364,40.0,20.0
2365,40.0,20.0
2366,40.0,60.0
2367,60.0,40.0
2368,20.0,20.0
2369,40.0,20.0
2370,40.0,20.0
2371,60.0,20.0
2372,20.0,40.0
2373,40.0,20.0
2374,40.0,20.0
2375,40.0,20.0
2376,60.0,40.0
2377,40.0,20.0
2378,20.0,40.0
2379,40.0,20.0
2380,60.0,40.0
2381,20.0,20.0
2382,20.0,20.0
2383,20.0,20.0
2384,20.0,40.0
2385,40.0,40.0
2386,20.0,20.0
2387,40.0,40.0
2388,20.0,20.0
2389,20.0,20.0
2390,20.0,40.0
2391,40.0,60.0
2392,40.0,20.0
2393,40.0,20.0
2394,40.0,40.0
2395,20.0,40.0
2396,40.0,40.0
2397,40.0,40.0
2398,20.0,40.0
2399,20.0,20.0
2400,20.0,20.0
2401,40.0,20.0
2402,20.0,20.0
2403,40.0,20.0
2404,20.0,20.0
2405,20.0,40.0
2406,20.0,20.0
2407,20.0,40.0
2408,60.0,40.0
2409,40.0,40.0
2410,20.0,20.0
2411,60.0,40.0
2412,20.0,20.0
2413,40.0,40.0
2414,20.0,40.0
2415,40.0,20.0
2416,20.0,80.0
2417,20.0,20.0
2418,20.0,40.0
2419,40.0,20.0
2420,20.0,20.0
2421,60.0,40.0
2422,60.0,20.0
2423,60.0,40.0
2424,40.0,20.0
2425,20.0,20.0
2426,20.0,40.0
2427,40.0,20.0
2428,20.0,40.0
2429,20.0,60.0
2430,20.0,20.0
2431,20.0,20.0
2432,20.0,20.0
2433,20.0,20.0
2434,60.0,40.0
2435,40.0,40.0
2436,20.0,80.0
2437,20.0,60.0
2438,40.0,20.0
2439,40.0,20.0
2440,20.0,20.0
2441,40.0,20.0
2442,20.0,40.0
2443,40.0,40.0
2444,20.0,40.0
2445,20.0,40.0
2446,20.0,20.0
2447,20.0,20.0
2448,20.0,40.0
2449,20.0,60.0
2450,20.0,40.0
2451,20.0,20.0
2452,40.0,20.0
2453,20.0,20.0
2454,40.0,40.0
2455,20.0,40.0
2456,60.0,40.0
2457,20.0,40.0
2458,20.0,20.0
2459,60.0,40.0
2460,40.0,40.0
2461,20.0,40.0
2462,40.0,20.0
2463,20.0,20.0
2464,20.0,40.0
2465,20.0,20.0
2466,20.0,20.0
2467,40.0,20.0
2468,40.0,40.0
2469,20.0,20.0
2470,20.0,60.0
2471,40.0,20.0
2472,20.0,60.0
2473,40.0,20.0
2474,40.0,60.0
2475,40.0,60.0
2476,40.0,20.0
2477,40.0,20.0
2478,60.0,40.0
2479,20.0,20.0
2480,20.0,20.0
2481,20.0,20.0
2482,40.0,40.0
2483,40.0,20.0
2484,20.0,40.0
2485,20.0,20.0
2486,40.0,60.0
2487,20.0,40.0
2488,20.0,60.0
2489,40.0,60.0
2490,40.0,20.0
2491,60.0,20.0
2492,20.0,20.0
2493,40.0,40.0
2494,20.0,40.0
2495,40.0,20.0
2496,20.0,40.0
2497,40.0,60.0
2498,40.0,40.0
2499,40.0,40.0
2500,60.0,40.0
2501,20.0,60.0
2502,40.0,20.0
2503,40.0,40.0
2504,40.0,20.0
2505,20.0,60.0
2506,20.0,40.0
2507,60.0,40.0
2508,40.0,20.0
2509,40.0,20.0
2510,20.0,20.0
2511,40.0,20.0
2512,20.0,60.0
2513,40.0,40.0
2514,20.0,20.0
2515,40.0,20.0
2516,40.0,20.0
2517,20.0,40.0
2518,20.0,20.0
2519,40.0,20.0
2520,20.0,20.0
2521,60.0,20.0
2522,40.0,20.0
2523,60.0,40.0
2524,40.0,40.0
2525,40.0,40.0
2526,40.0,40.0
2527,40.0,40.0
2528,60.0,20.0
2529,20.0,20.0
2530,20.0,60.0
2531,20.0,40.0
2532,20.0,20.0
2533,40.0,40.0
2534,40.0,40.0
2535,20.0,40.0
2536,20.0,40.0
2537,40.0,20.0
2538,40.0,20.0
2539,40.0,20.0
2540,40.0,20.0
2541,40.0,40.0
2542,40.0,20.0
2543,40.0,20.0
2544,20.0,40.0
2545,20.0,60.0
2546,20.0,40.0
2547,20.0,20.0
2548,20.0,60.0
2549,40.0,60.0
2550,40.0,20.0
2551,40.0,40.0
2552,40.0,20.0
2553,20.0,20.0
2554,40.0,40.0
2555,20.0,20.0
2556,20.0,20.0
2557,20.0,40.0
2558,40.0,40.0
2559,20.0,40.0
2560,20.0,20.0
2561,20.0,20.0
2562,20.0,20.0
2563,40.0,40.0
2564,40.0,60.0
2565,20.0,20.0
2566,20.0,60.0
2567,40.0,20.0
2568,40.0,20.0
2569,40.0,60.0
2570,20.0,20.0
2571,40.0,20.0
2572,40.0,40.0
2573,20.0,20.0
2574,40.0,40.0
2575,60.0,40.0
2576,20.0,40.0
2577,40.0,20.0
2578,20.0,40.0
2579,40.0,40.0
2580,20.0,20.0
2581,40.0,40.0
2582,40.0,20.0
2583,20.0,60.0
2584,20.0,60.0
2585,20.0,20.0
2586,40.0,40.0
2587,20.0,20.0
2588,20.0,20.0
2589,40.0,40.0
2590,60.0,40.0
2591,20.0,20.0
2592,40.0,60.0
2593,40.0,20.0
2594,40.0,20.0
2595,20.0,40.0
2596,20.0,40.0
2597,40.0,40.0
2598,40.0,20.0
2599,40.0,20.0
2600,20.0,40.0
2601,20.0,40.0
2602,40.0,60.0
2603,20.0,60.0
2604,40.0,20.0
2605,40.0,20.0
2606,20.0,40.0
2607,40.0,40.0
2608,20.0,40.0
2609,40.0,20.0
2610,60.0,20.0
2611,20.0,20.0
2612,60.0,20.0
2613,40.0,40.0
2614,60.0,60.0
2615,40.0,60.0
2616,40.0,60.0
2617,40.0,60.0
2618,40.0,40.0
2619,20.0,20.0
2620,20.0,20.0
2621,40.0,40.0
2622,20.0,40.0
2623,20.0,40.0
2624,20.0,40.0
2625,60.0,40.0
2626,60.0,20.0
2627,20.0,20.0
2628,40.0,20.0
2629,40.0,20.0
2630,20.0,20.0
2631,60.0,60.0
2632,20.0,20.0
2633,40.0,20.0
2634,60.0,20.0
2635,20.0,20.0
2636,40.0,40.0
2637,20.0,20.0
2638,20.0,40.0
2639,40.0,20.0
2640,20.0,40.0
2641,40.0,20.0
2642,20.0,40.0
2643,20.0,60.0
2644,20.0,20.0
2645,20.0,40.0
2646,20.0,40.0
2647,40.0,40.0
2648,60.0,20.0
2649,60.0,20.0
2650,20.0,40.0
2651,20.0,40.0
2652,40.0,20.0
2653,20.0,20.0
2654,40.0,20.0
2655,40.0,40.0
2656,20.0,40.0
2657,20.0,40.0
2658,20.0,20.0
2659,40.0,40.0
2660,20.0,40.0
2661,40.0,60.0
2662,60.0,60.0
2663,20.0,40.0
2664,20.0,40.0
2665,20.0,40.0
2666,60.0,40.0
2667,20.0,40.0
2668,20.0,20.0
2669,40.0,20.0
2670,40.0,20.0
2671,20.0,60.0
2672,40.0,20.0
2673,20.0,20.0
2674,20.0,20.0
2675,40.0,40.0
2676,20.0,20.0
2677,40.0,20.0
2678,20.0,20.0
2679,20.0,20.0
2680,20.0,40.0
2681,40.0,20.0
2682,20.0,40.0
2683,20.0,40.0
2684,60.0,40.0
2685,40.0,20.0
2686,60.0,20.0
2687,40.0,20.0
2688,20.0,40.0
2689,20.0,60.0
2690,20.0,40.0
2691,20.0,60.0
2692,20.0,60.0
2693,20.0,40.0
2694,40.0,40.0
2695,20.0,40.0
2696,60.0,40.0
2697,40.0,40.0
2698,20.0,40.0
2699,40.0,60.0
2700,20.0,20.0
2701,40.0,60.0
2702,40.0,20.0
2703,60.0,20.0
2704,40.0,20.0
2705,20.0,40.0
2706,20.0,20.0
2707,20.0,20.0
2708,60.0,20.0
2709,40.0,60.0
2710,40.0,40.0
2711,40.0,20.0
2712,60.0,20.0
2713,20.0,20.0
2714,20.0,60.0
2715,40.0,20.0
2716,60.0,40.0
2717,40.0,20.0
2718,20.0,40.0
2719,20.0,40.0
2720,60.0,20.0
2721,40.0,40.0
2722,60.0,40.0
2723,20.0,20.0
2724,40.0,20.0
2725,20.0,60.0
2726,40.0,20.0
2727,20.0,80.0
2728,20.0,40.0
2729,20.0,20.0
2730,40.0,20.0
2731,20.0,20.0
2732,20.0,40.0
2733,20.0,40.0
2734,60.0,40.0
2735,20.0,40.0
2736,20.0,20.0
2737,60.0,40.0
2738,40.0,60.0
2739,40.0,20.0
2740,40.0,40.0
2741,20.0,20.0
2742,20.0,20.0
2743,60.0,40.0
2744,40.0,40.0
2745,20.0,40.0
2746,60.0,60.0
2747,20.0,20.0
2748,20.0,40.0
2749,20.0,40.0
2750,40.0,40.0
2751,40.0,20.0
2752,40.0,20.0
2753,20.0,20.0
2754,40.0,20.0
2755,40.0,20.0
2756,20.0,20.0
2757,40.0,40.0
2758,60.0,20.0
2759,20.0,20.0
2760,60.0,60.0
2761,60.0,40.0
2762,40.0,20.0
2763,60.0,20.0
2764,20.0,40.0
2765,20.0,60.0
2766,20.0,40.0
2767,40.0,60.0
2768,40.0,60.0
2769,40.0,40.0
2770,40.0,20.0
2771,40.0,20.0
2772,40.0,20.0
2773,20.0,20.0
2774,20.0,40.0
2775,60.0,40.0
2776,40.0,40.0
2777,20.0,20.0
2778,40.0,20.0
2779,20.0,80.0
2780,40.0,20.0
2781,40.0,20.0
2782,40.0,20.0
2783,20.0,40.0
2784,40.0,40.0
2785,40.0,20.0
2786,20.0,40.0
2787,20.0,20.0
2788,40.0,40.0
2789,20.0,40.0
2790,20.0,20.0
2791,20.0,60.0
2792,40.0,40.0
2793,60.0,80.0
2794,40.0,40.0
2795,20.0,40.0
2796,40.0,20.0
2797,20.0,20.0
2798,40.0,20.0
2799,20.0,40.0
2800,20.0,40.0
2801,20.0,20.0
2802,20.0,60.0
2803,40.0,60.0
2804,20.0,40.0
2805,20.0,40.0
2806,60.0,20.0
2807,20.0,60.0
2808,60.0,40.0
2809,60.0,20.0
2810,60.0,80.0
2811,20.0,40.0
2812,20.0,40.0
2813,20.0,20.0
2814,60.0,40.0
2815,60.0,20.0
2816,60.0,40.0
2817,40.0,40.0
2818,20.0,40.0
2819,20.0,60.0
2820,40.0,20.0
2821,20.0,20.0
2822,40.0,40.0
2823,20.0,20.0
2824,40.0,20.0
2825,20.0,60.0
2826,60.0,40.0
2827,20.0,40.0
2828,20.0,40.0
2829,40.0,40.0
2830,20.0,40.0
2831,40.0,60.0
2832,40.0,40.0
2833,20.0,40.0
2834,20.0,40.0
2835,60.0,60.0
2836,20.0,40.0
2837,40.0,20.0
2838,20.0,40.0
2839,20.0,40.0
2840,60.0,40.0
2841,20.0,20.0
2842,40.0,40.0
2843,20.0,20.0
2844,20.0,40.0
2845,20.0,40.0
2846,40.0,40.0
2847,40.0,80.0
2848,20.0,40.0
2849,40.0,20.0
2850,40.0,40.0
2851,60.0,60.0
2852,20.0,20.0
2853,60.0,40.0
2854,40.0,20.0
2855,40.0,20.0
2856,20.0,40.0
2857,40.0,40.0
2858,20.0,60.0
2859,40.0,20.0
2860,20.0,40.0
2861,40.0,40.0
2862,40.0,40.0
2863,60.0,60.0
2864,20.0,80.0
2865,60.0,60.0
2866,20.0,20.0
2867,20.0,40.0
2868,40.0,40.0
2869,20.0,40.0
2870,20.0,20.0
2871,20.0,60.0
2872,40.0,20.0
2873,60.0,40.0
2874,40.0,40.0
2875,20.0,20.0
2876,40.0,40.0
2877,20.0,40.0
2878,40.0,40.0
2879,20.0,80.0
2880,20.0,40.0
2881,20.0,40.0
2882,60.0,60.0
2883,20.0,60.0
2884,40.0,20.0
2885,60.0,20.0
2886,40.0,40.0
2887,60.0,20.0
2888,60.0,20.0
2889,20.0,40.0
2890,40.0,20.0
2891,40.0,60.0
2892,20.0,60.0
2893,40.0,60.0
2894,20.0,40.0
2895,40.0,40.0
2896,60.0,40.0
2897,20.0,20.0
2898,20.0,60.0
2899,40.0,80.0
2900,20.0,40.0
2901,60.0,40.0
2902,20.0,20.0
2903,20.0,60.0
2904,40.0,40.0
2905,20.0,40.0
2906,40.0,40.0
2907,40.0,20.0
2908,40.0,20.0
2909,20.0,40.0
2910,40.0,20.0
2911,40.0,40.0
2912,60.0,20.0
2913,20.0,20.0
2914,20.0,60.0
2915,20.0,20.0
2916,20.0,60.0
2917,20.0,40.0
2918,20.0,40.0
2919,60.0,60.0
2920,20.0,60.0
2921,60.0,20.0
2922,60.0,60.0
2923,60.0,40.0
2924,20.0,40.0
2925,20.0,40.0
2926,60.0,20.0
2927,20.0,60.0
2928,40.0,40.0
2929,40.0,60.0
2930,60.0,60.0
2931,40.0,60.0
2932,20.0,40.0
2933,40.0,20.0
2934,40.0,40.0
2935,40.0,20.0
2936,40.0,40.0
2937,20.0,40.0
2938,40.0,20.0
2939,40.0,20.0
2940,40.0,20.0
2941,40.0,60.0
2942,20.0,60.0
2943,20.0,40.0
2944,40.0,40.0
2945,20.0,20.0
2946,60.0,40.0
2947,20.0,20.0
2948,20.0,60.0
2949,60.0,40.0
2950,60.0,20.0
2951,20.0,40.0
2952,20.0,40.0
2953,40.0,20.0
2954,20.0,20.0
2955,20.0,40.0
2956,20.0,40.0
2957,40.0,20.0
2958,20.0,20.0
2959,60.0,40.0
2960,40.0,20.0
2961,20.0,40.0
2962,20.0,40.0
2963,40.0,60.0
2964,20.0,60.0
2965,20.0,20.0
2966,60.0,20.0
2967,40.0,20.0
2968,20.0,40.0
2969,20.0,40.0
2970,40.0,20.0
2971,20.0,60.0
2972,20.0,40.0
2973,20.0,40.0
2974,40.0,40.0
2975,60.0,40.0
2976,40.0,60.0
2977,60.0,20.0
2978,60.0,40.0
2979,40.0,40.0
2980,20.0,40.0
2981,40.0,20.0
2982,20.0,40.0
2983,20.0,40.0
2984,40.0,40.0
2985,20.0,20.0
2986,40.0,40.0
2987,60.0,40.0
2988,60.0,80.0
2989,40.0,20.0
2990,40.0,40.0
2991,20.0,20.0
2992,40.0,40.0
2993,20.0,20.0
2994,40.0,40.0
2995,40.0,40.0
2996,60.0,40.0
2997,20.0,40.0
2998,20.0,20.0
2999,40.0,20.0
3000,40.0,40.0
3001,40.0,40.0
3002,20.0,20.0
3003,60.0,80.0
3004,20.0,20.0
3005,20.0,60.0
3006,60.0,40.0
3007,20.0,40.0
3008,20.0,40.0
3009,20.0,20.0
3010,20.0,40.0
3011,40.0,20.0
3012,40.0,60.0
3013,40.0,40.0
3014,40.0,20.0
3015,20.0,60.0
3016,20.0,40.0
3017,60.0,40.0
3018,20.0,20.0
3019,40.0,60.0
3020,60.0,40.0
3021,60.0,40.0
3022,20.0,20.0
3023,40.0,40.0
3024,60.0,40.0
3025,40.0,40.0
3026,20.0,40.0
3027,20.0,40.0
3028,40.0,20.0
3029,20.0,40.0
3030,40.0,20.0
3031,60.0,20.0
3032,20.0,40.0
3033,40.0,40.0
3034,20.0,60.0
3035,20.0,40.0
3036,40.0,20.0
3037,40.0,60.0
3038,60.0,20.0
3039,40.0,40.0
3040,40.0,20.0
3041,60.0,60.0
3042,20.0,40.0
3043,60.0,40.0
3044,40.0,40.0
3045,60.0,40.0
3046,40.0,40.0
3047,40.0,20.0
3048,20.0,40.0
3049,20.0,40.0
3050,20.0,40.0
3051,20.0,60.0
3052,20.0,60.0
3053,20.0,40.0
3054,40.0,20.0
3055,40.0,20.0
3056,40.0,60.0
3057,40.0,40.0
3058,20.0,60.0
3059,20.0,20.0
3060,60.0,40.0
3061,20.0,20.0
3062,40.0,60.0
3063,20.0,40.0
3064,40.0,20.0
3065,40.0,20.0
3066,20.0,40.0
3067,40.0,20.0
3068,60.0,40.0
3069,60.0,20.0
3070,40.0,40.0
3071,20.0,40.0
3072,20.0,20.0
3073,40.0,20.0
3074,20.0,20.0
3075,20.0,40.0
3076,20.0,20.0
3077,20.0,40.0
3078,40.0,60.0
3079,20.0,40.0
3080,60.0,20.0
3081,40.0,20.0
3082,40.0,20.0
3083,20.0,60.0
3084,20.0,60.0
3085,40.0,40.0
3086,20.0,60.0
3087,20.0,20.0
3088,40.0,40.0
3089,40.0,40.0
3090,40.0,40.0
3091,40.0,60.0
3092,40.0,40.0
3093,40.0,40.0
3094,40.0,40.0
3095,40.0,20.0
3096,20.0,40.0
3097,20.0,20.0
3098,40.0,40.0
3099,60.0,40.0
3100,20.0,40.0
3101,40.0,20.0
3102,40.0,20.0
3103,20.0,40.0
3104,20.0,40.0
3105,40.0,60.0
3106,20.0,20.0
3107,60.0,40.0
3108,20.0,20.0
3109,20.0,40.0
3110,40.0,60.0
3111,40.0,40.0
3112,60.0,40.0
3113,20.0,40.0
3114,60.0,40.0
3115,40.0,40.0
3116,40.0,20.0
3117,20.0,20.0
3118,60.0,20.0
3119,40.0,40.0
3120,20.0,60.0
3121,40.0,40.0
3122,20.0,60.0
3123,60.0,60.0
3124,60.0,40.0
3125,40.0,20.0
3126,20.0,20.0
3127,40.0,40.0
3128,20.0,80.0
3129,60.0,60.0
3130,40.0,20.0
3131,20.0,40.0
3132,40.0,60.0
3133,40.0,40.0
3134,20.0,40.0
3135,40.0,60.0
3136,20.0,20.0
3137,20.0,20.0
3138,60.0,40.0
3139,40.0,20.0
3140,40.0,40.0
3141,40.0,20.0
3142,40.0,20.0
3143,20.0,60.0
3144,20.0,20.0
3145,40.0,20.0
3146,60.0,20.0
3147,40.0,20.0
3148,20.0,40.0
3149,60.0,60.0
3150,40.0,40.0
3151,40.0,40.0
3152,40.0,60.0
3153,40.0,20.0
3154,20.0,20.0
3155,40.0,60.0
3156,40.0,20.0
3157,20.0,40.0
3158,20.0,60.0
3159,20.0,20.0
3160,20.0,20.0
3161,20.0,40.0
3162,20.0,60.0
3163,40.0,40.0
3164,40.0,80.0
3165,20.0,60.0
3166,20.0,40.0
3167,40.0,40.0
3168,40.0,20.0
3169,20.0,20.0
3170,60.0,60.0
3171,60.0,20.0
3172,40.0,60.0
3173,20.0,20.0
3174,20.0,20.0
3175,20.0,40.0
3176,20.0,20.0
3177,40.0,40.0
3178,20.0,20.0
3179,60.0,40.0
3180,40.0,40.0
3181,20.0,40.0
3182,20.0,20.0
3183,20.0,60.0
3184,60.0,20.0
3185,20.0,60.0
3186,20.0,40.0
3187,40.0,80.0
3188,40.0,20.0
3189,40.0,20.0
3190,60.0,40.0
3191,40.0,20.0
3192,40.0,40.0
3193,40.0,20.0
3194,20.0,20.0
3195,40.0,20.0
3196,40.0,20.0
3197,20.0,80.0
3198,40.0,40.0
3199,40.0,60.0
3200,20.0,20.0
3201,40.0,20.0
3202,20.0,20.0
3203,40.0,40.0
3204,40.0,40.0
3205,20.0,20.0
3206,60.0,20.0
3207,40.0,20.0
3208,40.0,40.0
3209,60.0,40.0
3210,40.0,20.0
3211,60.0,20.0
3212,60.0,40.0
3213,20.0,20.0
3214,60.0,20.0
3215,60.0,40.0
3216,20.0,20.0
3217,20.0,40.0
3218,20.0,20.0
3219,20.0,20.0
3220,60.0,40.0
3221,20.0,40.0
3222,60.0,40.0
3223,20.0,60.0
3224,20.0,40.0
3225,40.0,20.0
3226,20.0,20.0
3227,40.0,20.0
3228,20.0,80.0
3229,40.0,20.0
3230,40.0,60.0
3231,40.0,40.0
3232,40.0,60.0
3233,20.0,40.0
3234,40.0,40.0
3235,60.0,60.0
3236,60.0,20.0
3237,40.0,60.0
3238,20.0,40.0
3239,20.0,60.0
3240,20.0,60.0
3241,40.0,40.0
3242,40.0,20.0
3243,20.0,40.0
3244,60.0,20.0
3245,40.0,20.0
3246,40.0,40.0
3247,60.0,80.0
3248,20.0,60.0
3249,20.0,40.0
3250,40.0,40.0
3251,60.0,20.0
3252,40.0,40.0
3253,60.0,80.0
3254,40.0,40.0
3255,20.0,20.0
3256,20.0,20.0
3257,60.0,40.0
3258,60.0,20.0
3259,60.0,20.0
3260,40.0,60.0
3261,60.0,20.0
3262,20.0,20.0
3263,60.0,40.0
3264,40.0,60.0
3265,60.0,20.0
3266,40.0,60.0
3267,40.0,20.0
3268,40.0,40.0
3269,60.0,60.0
3270,40.0,40.0
3271,40.0,80.0
3272,40.0,20.0
3273,20.0,40.0
3274,20.0,40.0
3275,20.0,60.0
3276,60.0,20.0
3277,40.0,40.0
3278,40.0,40.0
3279,40.0,80.0
3280,20.0,20.0
3281,40.0,20.0
3282,40.0,20.0
3283,40.0,40.0
3284,20.0,60.0
3285,40.0,20.0
3286,60.0,20.0
3287,20.0,60.0
3288,60.0,40.0
3289,40.0,40.0
3290,40.0,20.0
3291,20.0,60.0
3292,40.0,60.0
3293,60.0,40.0
3294,20.0,60.0
3295,40.0,40.0
3296,60.0,20.0
3297,20.0,40.0
3298,60.0,20.0
3299,20.0,20.0
3300,60.0,20.0
3301,40.0,40.0
3302,40.0,20.0
3303,20.0,20.0
3304,20.0,40.0
3305,40.0,40.0
3306,20.0,20.0
3307,20.0,40.0
3308,40.0,80.0
3309,20.0,40.0
3310,60.0,60.0
3311,60.0,20.0
3312,40.0,40.0
3313,40.0,40.0
3314,20.0,40.0
3315,40.0,20.0
3316,40.0,60.0
3317,60.0,60.0
3318,60.0,20.0
3319,40.0,40.0
3320,60.0,60.0
3321,40.0,80.0
3322,20.0,80.0
3323,40.0,20.0
3324,60.0,40.0
3325,40.0,20.0
3326,60.0,20.0
3327,40.0,40.0
3328,20.0,20.0
3329,40.0,20.0
3330,60.0,20.0
3331,40.0,20.0
3332,60.0,40.0
3333,40.0,40.0
3334,60.0,40.0
3335,60.0,20.0
3336,20.0,40.0
3337,40.0,20.0
3338,40.0,20.0
3339,60.0,40.0
3340,60.0,40.0
3341,20.0,40.0
3342,20.0,40.0
3343,40.0,40.0
3344,40.0,60.0
3345,60.0,60.0
3346,20.0,60.0
3347,40.0,20.0
3348,60.0,20.0
3349,60.0,60.0
3350,40.0,40.0
3351,40.0,60.0
3352,20.0,40.0
3353,40.0,40.0
3354,40.0,40.0
3355,60.0,40.0
3356,20.0,20.0
3357,40.0,40.0
3358,20.0,20.0
3359,60.0,60.0
3360,60.0,40.0
3361,20.0,60.0
3362,40.0,20.0
3363,20.0,20.0
3364,40.0,20.0
3365,20.0,20.0
3366,60.0,60.0
3367,40.0,40.0
3368,20.0,20.0
3369,40.0,40.0
3370,40.0,40.0
3371,40.0,40.0
3372,20.0,40.0
3373,40.0,60.0
3374,20.0,20.0
3375,40.0,20.0
3376,20.0,40.0
3377,20.0,40.0
3378,40.0,20.0
3379,40.0,40.0
3380,20.0,40.0
3381,40.0,60.0
3382,40.0,20.0
3383,60.0,40.0
3384,20.0,40.0
3385,60.0,60.0
3386,40.0,40.0
3387,20.0,40.0
3388,40.0,40.0
3389,40.0,20.0
3390,20.0,40.0
3391,60.0,40.0
3392,40.0,20.0
3393,60.0,60.0
3394,40.0,40.0
3395,20.0,20.0
3396,20.0,20.0
3397,40.0,40.0
3398,40.0,20.0
3399,40.0,40.0
3400,60.0,40.0
3401,40.0,20.0
3402,60.0,40.0
3403,40.0,40.0
3404,40.0,40.0
3405,20.0,60.0
3406,20.0,20.0
3407,40.0,40.0
3408,20.0,20.0
3409,40.0,40.0
3410,40.0,20.0
3411,40.0,20.0
3412,60.0,40.0
3413,40.0,40.0
3414,60.0,40.0
3415,60.0,60.0
3416,40.0,80.0
3417,20.0,40.0
3418,20.0,60.0
3419,40.0,40.0
3420,40.0,60.0
3421,20.0,20.0
3422,60.0,20.0
3423,40.0,40.0
3424,60.0,40.0
3425,20.0,40.0
3426,40.0,40.0
3427,20.0,20.0
3428,40.0,40.0
3429,20.0,40.0
3430,20.0,20.0
3431,20.0,40.0
3432,40.0,40.0
3433,20.0,60.0
3434,40.0,40.0
3435,20.0,20.0
3436,40.0,80.0
3437,20.0,60.0
3438,40.0,20.0
3439,40.0,20.0
3440,20.0,20.0
3441,40.0,40.0
3442,40.0,40.0
3443,60.0,20.0
3444,20.0,40.0
3445,40.0,20.0
3446,40.0,20.0
3447,60.0,40.0
3448,20.0,60.0
3449,60.0,40.0
3450,20.0,40.0
3451,40.0,80.0
3452,40.0,60.0
3453,20.0,40.0
3454,20.0,60.0
3455,40.0,40.0
3456,60.0,40.0
3457,40.0,20.0
3458,40.0,40.0
3459,20.0,20.0
3460,60.0,20.0
3461,40.0,40.0
3462,20.0,60.0
3463,40.0,20.0
3464,20.0,20.0
3465,20.0,60.0
3466,20.0,20.0
3467,20.0,80.0
3468,60.0,60.0
3469,40.0,80.0
3470,20.0,60.0
3471,20.0,20.0
3472,40.0,20.0
3473,20.0,20.0
3474,20.0,20.0
3475,20.0,60.0
3476,60.0,20.0
3477,60.0,40.0
3478,40.0,20.0
3479,60.0,60.0
3480,20.0,60.0
3481,20.0,40.0
3482,40.0,80.0
3483,20.0,60.0
3484,40.0,60.0
3485,60.0,40.0
3486,40.0,20.0
3487,20.0,40.0
3488,40.0,20.0
3489,40.0,40.0
3490,40.0,40.0
3491,60.0,40.0
3492,40.0,40.0
3493,40.0,40.0
3494,20.0,40.0
3495,20.0,60.0
3496,40.0,20.0
3497,40.0,60.0
3498,20.0,60.0
3499,60.0,60.0
3500,40.0,20.0
3501,60.0,60.0
3502,20.0,80.0
3503,20.0,20.0
3504,20.0,20.0
3505,20.0,80.0
3506,60.0,60.0
3507,20.0,40.0
3508,20.0,40.0
3509,20.0,60.0
3510,60.0,20.0
3511,20.0,20.0
3512,40.0,40.0
3513,20.0,60.0
3514,60.0,20.0
3515,40.0,20.0
3516,60.0,60.0
3517,60.0,40.0
3518,20.0,60.0
3519,40.0,20.0
3520,20.0,40.0
3521,60.0,60.0
3522,40.0,60.0
3523,40.0,40.0
3524,60.0,20.0
3525,60.0,60.0
3526,60.0,20.0
3527,40.0,80.0
3528,40.0,20.0
3529,20.0,60.0
3530,40.0,20.0
3531,20.0,40.0
3532,60.0,40.0
3533,40.0,20.0
3534,60.0,40.0
3535,20.0,40.0
3536,40.0,80.0
3537,60.0,40.0
3538,20.0,20.0
3539,60.0,60.0
3540,40.0,80.0
3541,40.0,20.0
3542,40.0,60.0
3543,20.0,40.0
3544,40.0,40.0
3545,20.0,60.0
3546,20.0,20.0
3547,40.0,40.0
3548,40.0,40.0
3549,60.0,40.0
3550,40.0,20.0
3551,60.0,80.0
3552,60.0,40.0
3553,20.0,40.0
3554,20.0,40.0
3555,60.0,20.0
3556,20.0,20.0
3557,40.0,40.0
3558,20.0,40.0
3559,40.0,40.0
3560,40.0,40.0
3561,20.0,40.0
3562,60.0,40.0
3563,20.0,20.0
3564,20.0,40.0
3565,40.0,20.0
3566,60.0,40.0
3567,60.0,40.0
3568,20.0,40.0
3569,20.0,60.0
3570,20.0,60.0
3571,20.0,60.0
3572,40.0,40.0
3573,20.0,20.0
3574,40.0,40.0
3575,20.0,20.0
3576,20.0,40.0
3577,20.0,20.0
3578,40.0,60.0
3579,40.0,60.0
3580,40.0,40.0
3581,20.0,40.0
3582,60.0,20.0
3583,20.0,40.0
3584,20.0,40.0
3585,20.0,40.0
3586,20.0,60.0
3587,20.0,40.0
3588,60.0,40.0
3589,40.0,60.0
3590,40.0,40.0
3591,20.0,60.0
3592,40.0,40.0
3593,40.0,60.0
3594,60.0,40.0
3595,20.0,60.0
3596,60.0,40.0
3597,20.0,20.0
3598,40.0,40.0
3599,40.0,40.0
3600,40.0,40.0
3601,60.0,40.0
3602,40.0,20.0
3603,60.0,60.0
3604,20.0,40.0
3605,40.0,20.0
3606,60.0,20.0
3607,20.0,20.0
3608,40.0,60.0
3609,40.0,60.0
3610,60.0,20.0
3611,40.0,20.0
3612,20.0,20.0
3613,20.0,60.0
3614,60.0,20.0
3615,40.0,20.0
3616,40.0,20.0
3617,40.0,40.0
3618,40.0,20.0
3619,40.0,20.0
3620,60.0,20.0
3621,40.0,20.0
3622,20.0,40.0
3623,60.0,40.0
3624,20.0,20.0
3625,20.0,60.0
3626,20.0,40.0
3627,40.0,40.0
3628,40.0,40.0
3629,20.0,40.0
3630,40.0,40.0
3631,40.0,60.0
3632,40.0,20.0
3633,20.0,80.0
3634,20.0,20.0
3635,20.0,60.0
3636,20.0,20.0
3637,40.0,20.0
3638,40.0,20.0
3639,20.0,40.0
3640,40.0,40.0
3641,20.0,20.0
3642,60.0,40.0
3643,40.0,40.0
3644,20.0,40.0
3645,40.0,40.0
3646,40.0,40.0
3647,60.0,40.0
3648,60.0,20.0
3649,60.0,20.0
3650,20.0,80.0
3651,20.0,60.0
3652,20.0,40.0
3653,60.0,40.0
3654,40.0,20.0
3655,60.0,40.0
3656,40.0,80.0
3657,60.0,40.0
3658,40.0,20.0
3659,40.0,40.0
3660,60.0,40.0
3661,20.0,20.0
3662,60.0,40.0
3663,60.0,20.0
3664,40.0,20.0
3665,40.0,60.0
3666,40.0,20.0
3667,40.0,60.0
3668,60.0,40.0
3669,60.0,80.0
3670,40.0,20.0
3671,60.0,80.0
3672,20.0,40.0
3673,40.0,40.0
3674,40.0,40.0
3675,40.0,60.0
3676,40.0,40.0
3677,20.0,40.0
3678,40.0,80.0
3679,40.0,60.0
3680,40.0,20.0
3681,40.0,60.0
3682,40.0,20.0
3683,60.0,60.0
3684,60.0,40.0
3685,20.0,20.0
3686,60.0,40.0
3687,20.0,60.0
3688,20.0,20.0
3689,20.0,40.0
3690,40.0,20.0
3691,60.0,60.0
3692,40.0,20.0
3693,40.0,20.0
3694,40.0,40.0
3695,20.0,60.0
3696,40.0,40.0
3697,40.0,20.0
3698,40.0,40.0
3699,40.0,40.0
3700,40.0,60.0
3701,20.0,20.0
3702,40.0,40.0
3703,40.0,20.0
3704,40.0,40.0
3705,40.0,60.0
3706,40.0,60.0
3707,60.0,20.0
3708,40.0,80.0
3709,60.0,60.0
3710,60.0,20.0
3711,20.0,60.0
3712,40.0,40.0
3713,40.0,60.0
3714,60.0,40.0
3715,40.0,40.0
3716,40.0,40.0
3717,20.0,20.0
3718,20.0,80.0
3719,60.0,40.0
3720,60.0,40.0
3721,60.0,40.0
3722,40.0,20.0
3723,40.0,60.0
3724,60.0,40.0
3725,40.0,40.0
3726,40.0,20.0
3727,40.0,60.0
3728,20.0,60.0
3729,40.0,40.0
3730,60.0,60.0
3731,20.0,40.0
3732,60.0,20.0
3733,20.0,40.0
3734,20.0,40.0
3735,20.0,20.0
3736,40.0,80.0
3737,20.0,40.0
3738,20.0,40.0
3739,40.0,60.0
3740,40.0,60.0
3741,40.0,20.0
3742,60.0,40.0
3743,60.0,40.0
3744,40.0,40.0
3745,60.0,40.0
3746,20.0,20.0
3747,20.0,40.0
3748,60.0,20.0
3749,40.0,40.0
3750,20.0,60.0
3751,40.0,40.0
3752,40.0,20.0
3753,60.0,40.0
3754,40.0,60.0
3755,60.0,20.0
3756,20.0,40.0
3757,40.0,40.0
3758,20.0,40.0
3759,60.0,60.0
3760,60.0,40.0
3761,20.0,80.0
3762,60.0,20.0
3763,60.0,40.0
3764,40.0,40.0
3765,60.0,60.0
3766,40.0,60.0
3767,40.0,40.0
3768,20.0,40.0
3769,40.0,40.0
3770,60.0,40.0
3771,40.0,20.0
3772,60.0,20.0
3773,20.0,40.0
3774,20.0,60.0
3775,40.0,60.0
3776,60.0,40.0
3777,40.0,20.0
3778,60.0,40.0
3779,60.0,40.0
3780,40.0,40.0
3781,60.0,40.0
3782,40.0,20.0
3783,20.0,20.0
3784,60.0,80.0
3785,20.0,40.0
3786,40.0,40.0
3787,60.0,40.0
3788,20.0,40.0
3789,40.0,40.0
3790,40.0,60.0
3791,60.0,60.0
3792,40.0,40.0
3793,20.0,60.0
3794,40.0,40.0
3795,60.0,40.0
3796,40.0,20.0
3797,60.0,40.0
3798,60.0,40.0
3799,20.0,40.0
3800,20.0,40.0
3801,60.0,40.0
3802,60.0,60.0
3803,60.0,80.0
3804,60.0,60.0
3805,40.0,40.0
3806,60.0,60.0
3807,40.0,40.0
3808,40.0,40.0
3809,20.0,40.0
3810,40.0,40.0
3811,20.0,40.0
3812,40.0,40.0
3813,40.0,20.0
3814,40.0,60.0
3815,60.0,20.0
3816,20.0,40.0
3817,40.0,80.0
3818,20.0,40.0
3819,20.0,40.0
3820,40.0,60.0
3821,40.0,20.0
3822,40.0,20.0
3823,40.0,40.0
3824,40.0,60.0
3825,40.0,60.0
3826,40.0,40.0
3827,40.0,40.0
3828,40.0,80.0
3829,40.0,60.0
3830,40.0,40.0
3831,60.0,40.0
3832,60.0,20.0
3833,60.0,40.0
3834,60.0,20.0
3835,20.0,60.0
3836,60.0,40.0
3837,60.0,40.0
3838,40.0,20.0
3839,40.0,20.0
3840,20.0,40.0
3841,20.0,60.0
3842,20.0,20.0
3843,40.0,20.0
3844,40.0,40.0
3845,20.0,20.0
3846,20.0,40.0
3847,40.0,60.0
3848,60.0,40.0
3849,20.0,20.0
3850,20.0,40.0
3851,40.0,20.0
3852,60.0,40.0
3853,60.0,40.0
3854,40.0,20.0
3855,40.0,20.0
3856,20.0,40.0
3857,40.0,20.0
3858,40.0,60.0
3859,40.0,60.0
3860,60.0,60.0
3861,20.0,20.0
3862,40.0,20.0
3863,40.0,20.0
3864,40.0,60.0
3865,20.0,80.0
3866,60.0,60.0
3867,40.0,40.0
3868,40.0,40.0
3869,40.0,60.0
3870,40.0,20.0
3871,20.0,40.0
3872,60.0,20.0
3873,20.0,40.0
3874,60.0,60.0
3875,40.0,40.0
3876,60.0,40.0
3877,40.0,40.0
3878,40.0,60.0
3879,40.0,40.0
3880,40.0,40.0
3881,60.0,60.0
3882,40.0,60.0
3883,60.0,20.0
3884,40.0,20.0
3885,60.0,20.0
3886,40.0,20.0
3887,40.0,80.0
3888,20.0,60.0
3889,60.0,40.0
3890,40.0,20.0
3891,40.0,40.0
3892,40.0,20.0
3893,40.0,60.0
3894,40.0,20.0
3895,40.0,40.0
3896,40.0,20.0
3897,60.0,20.0
3898,60.0,40.0
3899,60.0,40.0
3900,40.0,20.0
3901,60.0,20.0
3902,60.0,60.0
3903,40.0,40.0
3904,60.0,40.0
3905,40.0,40.0
3906,20.0,20.0
3907,20.0,20.0
3908,60.0,60.0
3909,60.0,40.0
3910,60.0,20.0
3911,60.0,20.0
3912,60.0,40.0
3913,60.0,40.0
3914,40.0,40.0
3915,40.0,60.0
3916,20.0,40.0
3917,60.0,40.0
3918,40.0,60.0
3919,20.0,20.0
3920,20.0,60.0
3921,40.0,40.0
3922,40.0,40.0
3923,60.0,60.0
3924,20.0,20.0
3925,60.0,80.0
3926,60.0,40.0
3927,40.0,80.0
3928,40.0,60.0
3929,40.0,20.0
3930,40.0,40.0
3931,40.0,60.0
3932,60.0,40.0
3933,20.0,80.0
3934,20.0,20.0
3935,40.0,40.0
3936,20.0,60.0
3937,20.0,60.0
3938,20.0,20.0
3939,20.0,40.0
3940,60.0,40.0
3941,20.0,40.0
3942,40.0,80.0
3943,20.0,40.0
3944,40.0,40.0
3945,60.0,60.0
3946,20.0,20.0
3947,20.0,20.0
3948,60.0,20.0
3949,40.0,20.0
3950,60.0,40.0
3951,40.0,40.0
3952,40.0,60.0
3953,60.0,20.0
3954,40.0,40.0
3955,40.0,60.0
3956,20.0,80.0
3957,40.0,40.0
3958,20.0,20.0
3959,40.0,20.0
3960,60.0,80.0
3961,40.0,20.0
3962,20.0,40.0
3963,60.0,60.0
3964,40.0,60.0
3965,60.0,40.0
3966,40.0,20.0
3967,20.0,60.0
3968,40.0,20.0
3969,40.0,60.0
3970,40.0,40.0
3971,20.0,40.0
3972,20.0,60.0
3973,20.0,60.0
3974,40.0,60.0
3975,20.0,40.0
3976,40.0,60.0
3977,40.0,60.0
3978,60.0,80.0
3979,20.0,40.0
3980,40.0,40.0
3981,20.0,20.0
3982,40.0,20.0
3983,20.0,40.0
3984,60.0,40.0
3985,20.0,40.0
3986,40.0,40.0
3987,60.0,60.0
3988,60.0,60.0
3989,60.0,60.0
3990,60.0,20.0
3991,40.0,60.0
3992,20.0,20.0
3993,40.0,80.0
3994,40.0,40.0
3995,20.0,40.0
3996,20.0,20.0
3997,20.0,40.0
3998,40.0,60.0
3999,20.0,40.0
4000,40.0,40.0
4001,40.0,40.0
4002,40.0,80.0
4003,40.0,40.0
4004,40.0,40.0
4005,40.0,60.0
4006,60.0,40.0
4007,40.0,60.0
4008,40.0,60.0
4009,20.0,80.0
4010,40.0,40.0
4011,40.0,40.0
4012,60.0,40.0
4013,20.0,60.0
4014,60.0,40.0
4015,20.0,60.0
4016,20.0,40.0
4017,40.0,40.0
4018,40.0,20.0
4019,40.0,20.0
4020,40.0,60.0
4021,20.0,40.0
4022,20.0,40.0
4023,60.0,60.0
4024,40.0,60.0
4025,40.0,40.0
4026,60.0,60.0
4027,60.0,60.0
4028,20.0,60.0
4029,60.0,20.0
4030,60.0,40.0
4031,60.0,40.0
4032,40.0,40.0
4033,60.0,40.0
4034,40.0,20.0
4035,40.0,80.0
4036,60.0,60.0
4037,20.0,40.0
4038,60.0,60.0
4039,40.0,20.0
4040,60.0,40.0
4041,40.0,20.0
4042,60.0,40.0
4043,20.0,40.0
4044,20.0,40.0
4045,20.0,40.0
4046,40.0,20.0
4047,40.0,40.0
4048,40.0,40.0
4049,60.0,40.0
4050,40.0,20.0
4051,20.0,60.0
4052,60.0,60.0
4053,40.0,60.0
4054,60.0,40.0
4055,40.0,40.0
4056,40.0,60.0
4057,60.0,20.0
4058,60.0,80.0
4059,40.0,20.0
4060,20.0,60.0
4061,20.0,40.0
4062,40.0,40.0
4063,60.0,40.0
4064,20.0,60.0
4065,60.0,40.0
4066,40.0,40.0
4067,20.0,60.0
4068,40.0,60.0
4069,60.0,60.0
4070,40.0,60.0
4071,20.0,20.0
4072,40.0,20.0
4073,60.0,20.0
4074,40.0,40.0
4075,20.0,20.0
4076,20.0,80.0
4077,40.0,60.0
4078,20.0,80.0
4079,40.0,80.0
4080,20.0,20.0
4081,20.0,20.0
4082,60.0,40.0
4083,20.0,40.0
4084,60.0,40.0
4085,40.0,20.0
4086,20.0,20.0
4087,60.0,40.0
4088,40.0,60.0
4089,40.0,20.0
4090,20.0,80.0
4091,20.0,40.0
4092,40.0,40.0
4093,20.0,40.0
4094,40.0,20.0
4095,40.0,20.0
4096,40.0,60.0
4097,20.0,40.0
4098,20.0,40.0
4099,20.0,40.0
4100,60.0,40.0
4101,60.0,40.0
4102,20.0,60.0
4103,60.0,40.0
4104,40.0,80.0
4105,40.0,20.0
4106,40.0,60.0
4107,20.0,80.0
4108,20.0,60.0
4109,60.0,60.0
4110,40.0,40.0
4111,40.0,60.0
4112,20.0,60.0
4113,20.0,80.0
4114,40.0,40.0
4115,40.0,40.0
4116,60.0,40.0
4117,40.0,60.0
4118,20.0,60.0
4119,20.0,40.0
4120,20.0,60.0
4121,40.0,40.0
4122,60.0,80.0
4123,60.0,60.0
4124,20.0,60.0
4125,40.0,60.0
4126,40.0,60.0
4127,20.0,20.0
4128,60.0,20.0
4129,40.0,40.0
4130,40.0,60.0
4131,40.0,40.0
4132,40.0,20.0
4133,20.0,40.0
4134,40.0,40.0
4135,20.0,80.0
4136,60.0,60.0
4137,40.0,40.0
4138,40.0,40.0
4139,60.0,60.0
4140,20.0,40.0
4141,40.0,40.0
4142,40.0,60.0
4143,60.0,40.0
4144,20.0,60.0
4145,20.0,20.0
4146,60.0,60.0
4147,40.0,60.0
4148,60.0,40.0
4149,60.0,40.0
4150,40.0,40.0
4151,40.0,60.0
4152,40.0,40.0
4153,40.0,40.0
4154,40.0,60.0
4155,40.0,40.0
4156,60.0,40.0
4157,40.0,60.0
4158,20.0,20.0
4159,60.0,60.0
4160,60.0,40.0
4161,20.0,40.0
4162,40.0,20.0
4163,40.0,60.0
4164,60.0,80.0
4165,40.0,60.0
4166,60.0,40.0
4167,60.0,40.0
4168,60.0,60.0
4169,60.0,20.0
4170,40.0,60.0
4171,40.0,60.0
4172,60.0,60.0
4173,60.0,40.0
4174,40.0,80.0
4175,60.0,20.0
4176,40.0,60.0
4177,40.0,20.0
4178,20.0,60.0
4179,40.0,20.0
4180,20.0,40.0
4181,60.0,40.0
4182,20.0,40.0
4183,60.0,20.0
4184,60.0,20.0
4185,40.0,40.0
4186,60.0,20.0
4187,40.0,60.0
4188,40.0,60.0
4189,20.0,40.0
4190,20.0,60.0
4191,20.0,40.0
4192,40.0,40.0
4193,60.0,60.0
4194,40.0,40.0
4195,40.0,40.0
4196,20.0,20.0
4197,40.0,60.0
4198,20.0,40.0
4199,40.0,20.0
4200,40.0,80.0
4201,60.0,80.0
4202,20.0,20.0
4203,40.0,40.0
4204,40.0,60.0
4205,20.0,40.0
4206,40.0,40.0
4207,40.0,40.0
4208,40.0,60.0
4209,20.0,80.0
4210,60.0,40.0
4211,40.0,40.0
4212,40.0,60.0
4213,40.0,20.0
4214,20.0,40.0
4215,20.0,80.0
4216,20.0,40.0
4217,20.0,20.0
4218,20.0,60.0
4219,20.0,40.0
4220,40.0,60.0
4221,60.0,60.0
4222,60.0,40.0
4223,20.0,40.0
4224,40.0,20.0
4225,40.0,40.0
4226,40.0,60.0
4227,60.0,40.0
4228,40.0,60.0
4229,20.0,20.0
4230,20.0,40.0
4231,60.0,20.0
4232,40.0,40.0
4233,40.0,60.0
4234,60.0,20.0
4235,40.0,20.0
4236,40.0,20.0
4237,40.0,60.0
4238,60.0,20.0
4239,40.0,80.0
4240,40.0,40.0
4241,40.0,60.0
4242,60.0,20.0
4243,40.0,20.0
4244,40.0,20.0
4245,60.0,60.0
4246,60.0,20.0
4247,60.0,60.0
4248,60.0,60.0
4249,20.0,20.0
4250,60.0,40.0
4251,40.0,20.0
4252,40.0,40.0
4253,40.0,40.0
4254,60.0,60.0
4255,60.0,40.0
4256,60.0,60.0
4257,40.0,20.0
4258,20.0,60.0
4259,20.0,20.0
4260,20.0,20.0
4261,60.0,40.0
4262,40.0,40.0
4263,60.0,40.0
4264,20.0,60.0
4265,20.0,40.0
4266,40.0,20.0
4267,60.0,20.0
4268,60.0,20.0
4269,60.0,60.0
4270,20.0,40.0
4271,40.0,20.0
4272,40.0,40.0
4273,40.0,20.0
4274,60.0,60.0
4275,60.0,20.0
4276,40.0,40.0
4277,20.0,40.0
4278,40.0,60.0
4279,20.0,40.0
4280,60.0,60.0
4281,60.0,80.0
4282,60.0,20.0
4283,60.0,40.0
4284,60.0,40.0
4285,60.0,60.0
4286,60.0,20.0
4287,40.0,40.0
4288,20.0,40.0
4289,20.0,20.0
4290,20.0,40.0
4291,60.0,80.0
4292,60.0,60.0
4293,20.0,40.0
4294,40.0,80.0
4295,60.0,40.0
4296,60.0,80.0
4297,60.0,40.0
4298,20.0,40.0
4299,60.0,60.0
4300,20.0,20.0
4301,40.0,40.0
4302,60.0,60.0
4303,40.0,60.0
4304,40.0,40.0
4305,60.0,40.0
4306,40.0,60.0
4307,40.0,60.0
4308,20.0,40.0
4309,40.0,40.0
4310,60.0,20.0
4311,60.0,20.0
4312,40.0,60.0
4313,40.0,40.0
4314,60.0,40.0
4315,40.0,40.0
4316,40.0,40.0
4317,20.0,40.0
4318,60.0,20.0
4319,60.0,40.0
4320,40.0,40.0
4321,60.0,40.0
4322,40.0,40.0
4323,40.0,40.0
4324,60.0,40.0
4325,40.0,40.0
4326,20.0,60.0
4327,40.0,60.0
4328,40.0,20.0
4329,60.0,60.0
4330,40.0,20.0
4331,60.0,60.0
4332,40.0,80.0
4333,60.0,40.0
4334,40.0,40.0
4335,20.0,40.0
4336,20.0,80.0
4337,60.0,20.0
4338,20.0,20.0
4339,40.0,60.0
4340,60.0,60.0
4341,40.0,60.0
4342,60.0,40.0
4343,40.0,40.0
4344,40.0,40.0
4345,40.0,20.0
4346,60.0,60.0
4347,40.0,40.0
4348,40.0,80.0
4349,40.0,40.0
4350,40.0,20.0
4351,60.0,40.0
4352,60.0,40.0
4353,40.0,20.0
4354,40.0,40.0
4355,40.0,40.0
4356,40.0,40.0
4357,40.0,20.0
4358,60.0,60.0
4359,60.0,20.0
4360,20.0,40.0
4361,60.0,40.0
4362,20.0,60.0
4363,20.0,60.0
4364,40.0,20.0
4365,40.0,80.0
4366,60.0,40.0
4367,60.0,20.0
4368,40.0,20.0
4369,60.0,40.0
4370,40.0,80.0
4371,40.0,20.0
4372,40.0,40.0
4373,40.0,60.0
4374,60.0,40.0
4375,60.0,60.0
4376,40.0,40.0
4377,40.0,40.0
4378,20.0,40.0
4379,20.0,40.0
4380,60.0,20.0
4381,40.0,60.0
4382,60.0,80.0
4383,60.0,80.0
4384,60.0,40.0
4385,40.0,60.0
4386,40.0,60.0
4387,40.0,80.0
4388,20.0,40.0
4389,40.0,40.0
4390,40.0,20.0
4391,60.0,60.0
4392,40.0,40.0
4393,60.0,40.0
4394,40.0,40.0
4395,20.0,40.0
4396,40.0,40.0
4397,20.0,40.0
4398,60.0,20.0
4399,40.0,40.0
4400,20.0,60.0
4401,40.0,60.0
4402,20.0,60.0
4403,40.0,20.0
4404,20.0,60.0
4405,40.0,20.0
4406,20.0,80.0
4407,40.0,60.0
4408,40.0,60.0
4409,40.0,20.0
4410,40.0,60.0
4411,40.0,20.0
4412,40.0,40.0
4413,20.0,20.0
4414,40.0,20.0
4415,40.0,60.0
4416,40.0,40.0
4417,20.0,60.0
4418,40.0,40.0
4419,20.0,40.0
4420,40.0,40.0
4421,60.0,40.0
4422,60.0,60.0
4423,60.0,60.0
4424,60.0,20.0
4425,20.0,20.0
4426,60.0,40.0
4427,60.0,20.0
4428,40.0,40.0
4429,40.0,40.0
4430,60.0,20.0
4431,40.0,60.0
4432,60.0,60.0
4433,60.0,40.0
4434,20.0,40.0
4435,60.0,60.0
4436,40.0,20.0
4437,20.0,40.0
4438,40.0,80.0
4439,20.0,20.0
4440,40.0,40.0
4441,20.0,20.0
4442,40.0,40.0
4443,60.0,20.0
4444,40.0,60.0
4445,20.0,60.0
4446,40.0,40.0
4447,40.0,60.0
4448,60.0,60.0
4449,40.0,60.0
4450,20.0,40.0
4451,60.0,20.0
4452,20.0,40.0
4453,20.0,60.0
4454,20.0,60.0
4455,40.0,40.0
4456,40.0,80.0
4457,20.0,60.0
4458,20.0,40.0
4459,40.0,40.0
4460,60.0,20.0
4461,20.0,80.0
4462,40.0,60.0
4463,40.0,60.0
4464,60.0,20.0
4465,60.0,60.0
4466,40.0,20.0
4467,40.0,60.0
4468,20.0,40.0
4469,40.0,40.0
4470,40.0,40.0
4471,20.0,60.0
4472,40.0,80.0
4473,60.0,20.0
4474,20.0,80.0
4475,60.0,40.0
4476,40.0,40.0
4477,40.0,20.0
4478,40.0,40.0
4479,60.0,60.0
4480,40.0,20.0
4481,60.0,20.0
4482,40.0,20.0
4483,40.0,40.0
4484,60.0,60.0
4485,20.0,20.0
4486,20.0,40.0
4487,40.0,40.0
4488,60.0,20.0
4489,60.0,60.0
4490,60.0,60.0
4491,40.0,60.0
4492,20.0,20.0
4493,20.0,40.0
4494,20.0,40.0
4495,40.0,80.0
4496,60.0,40.0
4497,40.0,20.0
4498,40.0,40.0
4499,40.0,40.0
4500,40.0,20.0
4501,40.0,20.0
4502,40.0,40.0
4503,20.0,40.0
4504,40.0,40.0
4505,60.0,40.0
4506,20.0,40.0
4507,40.0,40.0
4508,60.0,20.0
4509,20.0,40.0
4510,40.0,60.0
4511,40.0,80.0
4512,60.0,60.0
4513,40.0,80.0
4514,40.0,40.0
4515,60.0,40.0
4516,40.0,60.0
4517,20.0,40.0
4518,60.0,20.0
4519,60.0,60.0
4520,20.0,60.0
4521,60.0,60.0
4522,60.0,60.0
4523,40.0,40.0
4524,20.0,80.0
4525,40.0,20.0
4526,60.0,60.0
4527,40.0,40.0
4528,20.0,20.0
4529,40.0,60.0
4530,40.0,40.0
4531,40.0,60.0
4532,20.0,40.0
4533,40.0,60.0
4534,60.0,40.0
4535,60.0,40.0
4536,60.0,40.0
4537,60.0,20.0
4538,20.0,60.0
4539,60.0,60.0
4540,20.0,40.0
4541,60.0,80.0
4542,40.0,60.0
4543,40.0,40.0
4544,40.0,60.0
4545,20.0,60.0
4546,40.0,40.0
4547,60.0,20.0
4548,20.0,60.0
4549,40.0,40.0
4550,60.0,60.0
4551,40.0,60.0
4552,40.0,60.0
4553,40.0,60.0
4554,60.0,20.0
4555,40.0,60.0
4556,40.0,40.0
4557,20.0,60.0
4558,60.0,60.0
4559,20.0,60.0
4560,60.0,40.0
4561,40.0,60.0
4562,40.0,60.0
4563,40.0,20.0
4564,40.0,60.0
4565,40.0,20.0
4566,40.0,20.0
4567,60.0,20.0
4568,60.0,60.0
4569,40.0,80.0
4570,60.0,40.0
4571,20.0,60.0
4572,60.0,20.0
4573,40.0,60.0
4574,60.0,80.0
4575,20.0,60.0
4576,20.0,80.0
4577,40.0,40.0
4578,20.0,40.0
4579,60.0,60.0
4580,40.0,60.0
4581,60.0,40.0
4582,60.0,40.0
4583,40.0,40.0
4584,40.0,40.0
4585,40.0,40.0
4586,60.0,40.0
4587,40.0,20.0
4588,40.0,20.0
4589,20.0,80.0
4590,60.0,80.0
4591,60.0,40.0
4592,60.0,40.0
4593,20.0,20.0
4594,40.0,40.0
4595,20.0,40.0
4596,40.0,60.0
4597,20.0,60.0
4598,40.0,40.0
4599,40.0,60.0
4600,20.0,60.0
4601,60.0,80.0
4602,60.0,60.0
4603,40.0,40.0
4604,20.0,40.0
4605,20.0,20.0
4606,40.0,60.0
4607,40.0,20.0
4608,40.0,60.0
4609,40.0,40.0
4610,60.0,40.0
4611,60.0,40.0
4612,40.0,40.0
4613,60.0,40.0
4614,40.0,40.0
4615,40.0,20.0
4616,60.0,40.0
4617,20.0,80.0
4618,40.0,20.0
4619,60.0,40.0
4620,40.0,40.0
4621,60.0,40.0
4622,60.0,80.0
4623,40.0,60.0
4624,40.0,20.0
4625,40.0,40.0
4626,20.0,40.0
4627,20.0,40.0
4628,20.0,40.0
4629,60.0,60.0
4630,60.0,40.0
4631,20.0,80.0
4632,60.0,40.0
4633,60.0,60.0
4634,20.0,60.0
4635,40.0,40.0
4636,60.0,40.0
4637,40.0,40.0
4638,40.0,40.0
4639,20.0,20.0
4640,60.0,40.0
4641,20.0,20.0
4642,60.0,60.0
4643,60.0,40.0
4644,60.0,40.0
4645,20.0,40.0
4646,20.0,40.0
4647,40.0,40.0
4648,60.0,40.0
4649,60.0,20.0
4650,40.0,60.0
4651,20.0,20.0
4652,20.0,40.0
4653,20.0,40.0
4654,40.0,40.0
4655,60.0,40.0
4656,60.0,40.0
4657,40.0,60.0
4658,20.0,60.0
4659,60.0,40.0
4660,60.0,60.0
4661,60.0,60.0
4662,40.0,40.0
4663,60.0,40.0
4664,40.0,80.0
4665,60.0,20.0
4666,20.0,40.0
4667,20.0,20.0
4668,40.0,40.0
4669,40.0,40.0
4670,40.0,40.0
4671,60.0,40.0
4672,20.0,60.0
4673,40.0,20.0
4674,60.0,60.0
4675,20.0,40.0
4676,60.0,20.0
4677,60.0,60.0
4678,60.0,60.0
4679,60.0,60.0
4680,20.0,40.0
4681,60.0,40.0
4682,20.0,40.0
4683,60.0,40.0
4684,20.0,80.0
4685,20.0,60.0
4686,60.0,40.0
4687,20.0,60.0
4688,60.0,40.0
4689,40.0,80.0
4690,60.0,60.0
4691,60.0,60.0
4692,20.0,40.0
4693,40.0,40.0
4694,60.0,60.0
4695,40.0,80.0
4696,40.0,20.0
4697,40.0,60.0
4698,20.0,60.0
4699,20.0,40.0
4700,40.0,40.0
4701,20.0,40.0
4702,60.0,20.0
4703,40.0,40.0
4704,60.0,20.0
4705,60.0,40.0
4706,40.0,60.0
4707,40.0,60.0
4708,20.0,20.0
4709,60.0,60.0
4710,60.0,40.0
4711,40.0,20.0
4712,60.0,20.0
4713,60.0,80.0
4714,60.0,60.0
4715,40.0,80.0
4716,40.0,40.0
4717,40.0,60.0
4718,60.0,40.0
4719,60.0,20.0
4720,40.0,40.0
4721,40.0,80.0
4722,20.0,80.0
4723,60.0,60.0
4724,60.0,80.0
4725,20.0,40.0
4726,40.0,20.0
4727,60.0,20.0
4728,40.0,80.0
4729,40.0,80.0
4730,40.0,20.0
4731,20.0,60.0
4732,60.0,60.0
4733,60.0,60.0
4734,20.0,60.0
4735,40.0,60.0
4736,60.0,40.0
4737,40.0,20.0
4738,60.0,80.0
4739,60.0,60.0
4740,60.0,60.0
4741,60.0,20.0
4742,40.0,60.0
4743,60.0,40.0
4744,60.0,20.0
4745,40.0,40.0
4746,40.0,40.0
4747,60.0,20.0
4748,60.0,80.0
4749,40.0,40.0
4750,40.0,20.0
4751,40.0,60.0
4752,40.0,40.0
4753,60.0,40.0
4754,20.0,80.0
4755,20.0,60.0
4756,40.0,40.0
4757,60.0,80.0
4758,60.0,40.0
4759,40.0,60.0
4760,40.0,80.0
4761,60.0,20.0
4762,20.0,40.0
4763,20.0,60.0
4764,40.0,40.0
4765,40.0,40.0
4766,40.0,40.0
4767,60.0,40.0
4768,40.0,60.0
4769,20.0,60.0
4770,60.0,60.0
4771,60.0,40.0
4772,40.0,60.0
4773,40.0,40.0
4774,60.0,40.0
4775,60.0,60.0
4776,40.0,40.0
4777,60.0,40.0
4778,20.0,40.0
4779,60.0,40.0
4780,40.0,60.0
4781,40.0,60.0
4782,60.0,60.0
4783,60.0,40.0
4784,40.0,40.0
4785,60.0,60.0
4786,40.0,60.0
4787,60.0,20.0
4788,60.0,40.0
4789,20.0,40.0
4790,40.0,60.0
4791,60.0,20.0
4792,20.0,40.0
4793,40.0,40.0
4794,20.0,60.0
4795,40.0,80.0
4796,20.0,40.0
4797,20.0,40.0
4798,60.0,20.0
4799,40.0,80.0
4800,40.0,60.0
4801,60.0,40.0
4802,60.0,60.0
4803,40.0,60.0
4804,40.0,40.0
4805,40.0,20.0
4806,40.0,20.0
4807,40.0,40.0
4808,40.0,60.0
4809,40.0,40.0
4810,40.0,80.0
4811,60.0,40.0
4812,60.0,40.0
4813,60.0,40.0
4814,20.0,80.0
4815,40.0,40.0
4816,20.0,40.0
4817,40.0,40.0
4818,40.0,20.0
4819,40.0,40.0
4820,40.0,80.0
4821,40.0,80.0
4822,40.0,40.0
4823,40.0,40.0
4824,20.0,40.0
4825,60.0,40.0
4826,40.0,40.0
4827,40.0,40.0
4828,40.0,40.0
4829,60.0,80.0
4830,20.0,40.0
4831,40.0,60.0
4832,60.0,20.0
4833,40.0,40.0
4834,20.0,20.0
4835,40.0,20.0
4836,60.0,60.0
4837,40.0,60.0
4838,40.0,60.0
4839,40.0,20.0
4840,60.0,60.0
4841,60.0,80.0
4842,60.0,20.0
4843,20.0,40.0
4844,40.0,40.0
4845,60.0,20.0
4846,60.0,40.0
4847,60.0,40.0
4848,40.0,40.0
4849,40.0,20.0
4850,20.0,20.0
4851,40.0,80.0
4852,40.0,60.0
4853,60.0,20.0
4854,20.0,60.0
4855,20.0,60.0
4856,20.0,80.0
4857,40.0,80.0
4858,40.0,40.0
4859,60.0,40.0
4860,40.0,60.0
4861,40.0,60.0
4862,60.0,20.0
4863,60.0,40.0
4864,20.0,60.0
4865,20.0,20.0
4866,60.0,20.0
4867,40.0,80.0
4868,60.0,40.0
4869,20.0,60.0
4870,20.0,40.0
4871,40.0,60.0
4872,60.0,40.0
4873,20.0,40.0
4874,40.0,80.0
4875,60.0,60.0
4876,40.0,40.0
4877,20.0,40.0
4878,20.0,20.0
4879,60.0,40.0
4880,60.0,40.0
4881,60.0,60.0
4882,40.0,20.0
4883,60.0,60.0
4884,60.0,60.0
4885,40.0,60.0
4886,40.0,80.0
4887,60.0,40.0
4888,40.0,20.0
4889,60.0,40.0
4890,40.0,60.0
4891,40.0,60.0
4892,60.0,20.0
4893,20.0,40.0
4894,40.0,40.0
4895,20.0,60.0
4896,20.0,80.0
4897,40.0,60.0
4898,40.0,40.0
4899,60.0,60.0
4900,60.0,60.0
4901,40.0,20.0
4902,40.0,40.0
4903,40.0,20.0
4904,60.0,60.0
4905,40.0,40.0
4906,60.0,60.0
4907,40.0,40.0
4908,40.0,20.0
4909,60.0,40.0
4910,20.0,40.0
4911,20.0,60.0
4912,40.0,20.0
4913,60.0,60.0
4914,20.0,40.0
4915,20.0,40.0
4916,40.0,20.0
4917,20.0,40.0
4918,60.0,40.0
4919,40.0,40.0
4920,60.0,40.0
4921,40.0,40.0
4922,40.0,40.0
4923,40.0,80.0
4924,60.0,40.0
4925,40.0,60.0
4926,40.0,20.0
4927,60.0,40.0
4928,40.0,40.0
4929,60.0,60.0
4930,40.0,20.0
4931,40.0,20.0
4932,60.0,60.0
4933,40.0,60.0
4934,40.0,80.0
4935,60.0,40.0
4936,60.0,20.0
4937,60.0,80.0
4938,40.0,80.0
4939,20.0,20.0
4940,20.0,20.0
4941,40.0,40.0
4942,20.0,60.0
4943,60.0,80.0
4944,60.0,20.0
4945,40.0,60.0
4946,40.0,60.0
4947,60.0,40.0
4948,60.0,80.0
4949,20.0,80.0
4950,40.0,40.0
4951,60.0,20.0
4952,40.0,40.0
4953,40.0,40.0
4954,60.0,60.0
4955,20.0,40.0
4956,60.0,80.0
4957,20.0,60.0
4958,40.0,20.0
4959,60.0,60.0
4960,40.0,80.0
4961,40.0,60.0
4962,60.0,60.0
4963,60.0,40.0
4964,60.0,60.0
4965,40.0,80.0
4966,40.0,40.0
4967,40.0,60.0
4968,20.0,40.0
4969,40.0,40.0
4970,60.0,80.0
4971,40.0,20.0
4972,60.0,40.0
4973,40.0,40.0
4974,40.0,20.0
4975,60.0,60.0
4976,40.0,40.0
4977,40.0,80.0
4978,60.0,40.0
4979,40.0,40.0
4980,60.0,40.0
4981,40.0,60.0
4982,40.0,40.0
4983,60.0,80.0
4984,60.0,60.0
4985,60.0,40.0
4986,20.0,40.0
4987,40.0,40.0
4988,40.0,40.0
4989,60.0,80.0
4990,60.0,40.0
4991,60.0,40.0
4992,20.0,20.0
4993,60.0,20.0
4994,20.0,20.0
4995,40.0,80.0
4996,20.0,20.0
4997,40.0,60.0
4998,20.0,80.0
4999,40.0,40.0
